y_true,y_pred,residual
23.85072851,-90.38981,114.24053716478515
23.74612824,-90.37626,114.12238709009766
23.84799693,-90.37134,114.219334820625
23.84404455,-90.36766,114.21170507246094
23.89935696,-90.3709,114.27025997513672
23.71783781,-90.37921,114.09704923578124
23.8100998,-90.39341,114.20350952900391
23.83939777,-90.39402,114.23341785056641
23.73853133,-90.39418,114.13271162785156
23.85557757,-90.395485,114.25106249431641
23.80354002,-90.38402,114.18755796433594
23.77465987,-90.37928,114.15393996033202
23.77254243,-90.38268,114.15522523029297
23.77313159,-90.388985,114.16211627017577
23.85497695,-90.38818,114.24316054375001
23.89214247,-90.39081,114.28295057546875
23.83119834,-90.39477,114.22596610123047
23.74396521,-90.390396,114.13436132816406
23.72424342,-90.39842,114.12266566121093
23.71676205,-90.41491,114.13167141279297
23.81292394,-90.41963,114.23255589800782
23.87760212,-90.4037,114.28130390222657
23.7821537,-90.39392,114.1760745984375
23.7301411,-90.39149,114.12162822158203
23.78895853,-90.39494,114.18390176730469
23.85871529,-90.384705,114.24341987984374
23.85572717,-90.39252,114.24824425984374
23.77931957,-90.396576,114.17589549773437
23.79622163,-90.39649,114.19271363439454
23.82624548,-90.39512,114.2213641933789
23.80244091,-90.40295,114.20538738216797
23.74863444,-90.39392,114.1425553384375
23.85480322,-90.397026,114.25182928201173
23.78750932,-90.41076,114.19826829216797
23.76871024,-90.41161,114.18032370435547
23.756319,-90.397514,114.15383334326172
23.87559462,-90.40085,114.27644300867188
23.7596555,-90.40448,114.16413548046876
23.84035385,-90.40179,114.24214065419922
23.7601929,-90.41122,114.17140963583984
23.74950952,-90.408424,114.15793389744141
23.78361598,-90.411026,114.19464198097657
23.88849139,-90.41217,114.30066180015625
23.86570167,-90.404305,114.27000617439452
23.75545243,-90.41373,114.16917923664062
23.772411,-90.40267,114.17508281396485
23.82163463,-90.40341,114.22504649523438
23.78549651,-90.412285,114.19778136107422
23.8744404,-90.42296,114.29739877402343
23.80968573,-90.415,114.22468664552734
23.87240933,-90.42432,114.29672573625
23.75111686,-90.422874,114.17399131068359
23.8369677,-90.42146,114.25843071269531
23.78260052,-90.41036,114.19296276365235
23.7211441,-90.42282,114.14396514492188
23.7763865,-90.42209,114.19847512304688
23.76797842,-90.41436,114.18233846638671
23.76433851,-90.42035,114.18468763109375
23.82546254,-90.40854,114.23400135835938
23.78121362,-90.4038,114.18501458435547
23.72245442,-90.403984,114.12643848982421
23.74213834,-90.40604,114.14817471695312
23.80156377,-90.409386,114.21094945115235
23.80337468,-90.400345,114.20371952863282
23.70738254,-90.38353,114.09091220308594
23.73502952,-90.37407,114.10909873386719
23.83142488,-90.37674,114.20816438195313
23.77075279,-90.381256,114.15200889351563
23.76699308,-90.38835,114.15534452042968
23.70936179,-90.385025,114.09438681441407
23.77753527,-90.37146,114.1489952309375
23.71173831,-90.36929,114.08103152289063
23.75651106,-90.37309,114.1296037113672
23.72267793,-90.37047,114.09314606964844
23.867569,-90.356995,114.22456362890625
23.73967371,-90.34381,114.08348474515626
23.72524326,-90.34166,114.06690280589844
23.86980274,-90.340706,114.21050861158203
23.82437641,-90.33476,114.15913898324219
23.8902097,-90.33162,114.22182896269531
23.82539556,-90.339714,114.16510961029297
23.83524906,-90.33518,114.1704312499414
23.77227327,-90.34169,114.11396333347656
23.84912892,-90.34997,114.19909687654297
23.81645827,-90.360504,114.17696242039062
23.73178475,-90.35124,114.08302681542969
23.73107829,-90.358444,114.08952250386719
23.82868554,-90.35201,114.18069817427734
23.75442485,-90.35419,114.10861186171874
23.8087901,-90.35708,114.16586865224609
23.7384877,-90.358765,114.09725234843751
23.78386164,-90.34569,114.12954950621094
23.87248783,-90.33422,114.20670871623047
23.83812783,-90.33731,114.17543862101563
23.79746694,-90.34034,114.13780660064452
23.79829697,-90.33942,114.13771347390625
23.77747026,-90.346176,114.12364640746094
23.83044683,-90.33912,114.16956578751953
23.73766987,-90.33929,114.07695667419922
23.76743246,-90.32804,114.09547353666015
23.83593455,-90.334435,114.17036905927735
23.84439462,-90.32657,114.17096322351563
23.877194,-90.325386,114.20258004736328
23.76098873,-90.33563,114.09662105421876
23.87054675,-90.34088,114.21142809765625
23.86481087,-90.3493,114.21410743982422
23.70203803,-90.35757,114.05960486349609
23.83452078,-90.35618,114.1906990636914
23.85341694,-90.35928,114.21270038726563
23.70079123,-90.36891,114.06970297316406
23.79876655,-90.37617,114.17493384736328
23.89057268,-90.375175,114.26574815607421
23.89072347,-90.37151,114.26223683669922
23.84809092,-90.38262,114.23071268513672
23.8663333,-90.39496,114.26129179609376
23.76150978,-90.39712,114.15862739474609
23.79221309,-90.406364,114.19857753091797
23.89905071,-90.41354,114.31259441117187
23.86146053,-90.42647,114.28792842550781
23.70891954,-90.42889,114.13780595357422
23.71090562,-90.442184,114.1530900682422
23.81592541,-90.45009,114.26601391097657
23.77466046,-90.46028,114.23494183207032
23.74721178,-90.444565,114.19177659933594
23.76402363,-90.44726,114.21128162560547
23.89179019,-90.45583,114.34762362505859
23.76431351,-90.44541,114.2097251921289
23.77236685,-90.441956,114.21432241640625
23.79026323,-90.43138,114.22164445558593
23.73217321,-90.42889,114.16105962357422
23.77786674,-90.42285,114.20071830250001
23.82931097,-90.42473,114.25403936355468
23.75184432,-90.41463,114.16647139519532
23.824584,-90.40759,114.2321767734375
23.74894687,-90.41423,114.16317721667968
23.8573376,-90.4224,114.27973902822265
23.88749139,-90.41731,114.30480401207032
23.78888394,-90.4226,114.21148373248047
23.89270553,-90.422226,114.31493148214844
23.83287632,-90.43522,114.26809513103515
23.84232759,-90.443924,114.28625154019531
23.80226833,-90.44031,114.2425759471875
23.74549159,-90.43963,114.18512019107422
23.88794519,-90.44352,114.33146478228515
23.89396774,-90.44524,114.33920394605468
23.86839586,-90.44911,114.31750779847656
23.7927022,-90.44701,114.23970842558595
23.73424348,-90.461044,114.19528779152344
23.71793913,-90.47273,114.19067167394532
23.80091031,-90.47129,114.27220089837891
23.76104496,-90.46394,114.2249884414453
23.87136152,-90.448074,114.3194358608203
23.80875568,-90.451546,114.26030139533204
23.88414131,-90.44105,114.32518897845704
23.84506125,-90.432846,114.27790731933594
23.79044348,-90.4504,114.24084478615234
23.84861943,-90.45123,114.29985234015625
23.89361726,-90.44661,114.34022675707031
23.81257633,-90.464325,114.27690128117187
23.76281945,-90.47073,114.23355309257812
23.77436129,-90.465546,114.23990694429688
23.82406978,-90.45832,114.28239039767578
23.89435681,-90.45335,114.34770306244141
23.79441296,-90.44281,114.23722301859375
23.84179125,-90.4494,114.29119310546875
23.73583499,-90.45686,114.19269839332031
23.82408847,-90.44741,114.27149905349609
23.84677752,-90.43885,114.28562792283203
23.78466779,-90.44883,114.2334974408789
23.82726865,-90.461044,114.28831296152345
23.74541137,-90.45931,114.20472380896484
23.79188288,-90.46265,114.254529364375
23.86511559,-90.470116,114.3352312516211
23.73992917,-90.47537,114.21530148445312
23.71781458,-90.46129,114.17910303214843
23.83928472,-90.46516,114.30444127517578
23.76270591,-90.46681,114.22951804378906
23.79762001,-90.46316,114.2607776638086
23.87836573,-90.46937,114.34773371095703
23.73460357,-90.47147,114.20607726384766
23.85460428,-90.466934,114.32153848410157
23.80133842,-90.47503,114.27636741169923
23.70932273,-90.471924,114.181246558125
23.73589769,-90.4813,114.21719804400391
23.79910498,-90.47415,114.27325659132812
23.74492103,-90.45971,114.20463019748047
23.77108569,-90.45785,114.22893328521485
23.83865048,-90.441986,114.28063656398437
23.86951084,-90.4352,114.3047143922461
23.78815691,-90.42749,114.215647144375
23.801827,-90.42734,114.22916464648438
23.81809203,-90.44017,114.25826231808594
23.7339568,-90.43334,114.16729877998047
23.819495,-90.42284,114.24233130371094
23.86182219,-90.41273,114.27454954595703
23.87901326,-90.41063,114.28964253246093
23.73821792,-90.41821,114.156430810625
23.87131891,-90.431335,114.30265435921875
23.87511433,-90.435646,114.31076038712891
23.8525789,-90.4451,114.29767777695312
23.86382641,-90.439964,114.3037907044336
23.78871457,-90.445915,114.23462979216796
23.89425351,-90.4418,114.33605648851562
23.84356699,-90.44164,114.28520975123047
23.75150469,-90.44873,114.20023515875
23.70589031,-90.448715,114.15460551996094
23.73509121,-90.439095,114.17418575345704
23.84915831,-90.435776,114.28493406683594
23.87242662,-90.4356,114.30802690076172
23.71749803,-90.435425,114.1529228346875
23.8308442,-90.43284,114.26368263994141
23.77380194,-90.42251,114.19631017974609
23.81753185,-90.4239,114.24142863955078
23.86975929,-90.416794,114.28655311324219
23.7855897,-90.42553,114.21111917998047
23.73748601,-90.42443,114.16191685716797
23.72269997,-90.4201,114.14279732107423
23.89968837,-90.42268,114.32237208582032
23.85346616,-90.415886,114.26935208529297
23.71086089,-90.42039,114.1312481580664
23.73432286,-90.42275,114.15707524037109
23.83700602,-90.4141,114.25110666697266
23.78456357,-90.42008,114.20464566228516
23.82413036,-90.42779,114.25191814076172
23.81300618,-90.41958,114.2325847322461
23.73140859,-90.42502,114.15642690054688
23.78788327,-90.42716,114.21504544041015
23.80603268,-90.41568,114.22171261164063
23.78767955,-90.42365,114.21133219892579
23.79619192,-90.41341,114.20959829207031
23.89787194,-90.40938,114.30724999175781
23.89703138,-90.42032,114.31734998351563
23.77050519,-90.430115,114.20061993609374
23.84589615,-90.433365,114.27926101816406
23.74673046,-90.44673,114.19346202738281
23.89829077,-90.455734,114.35402502292969
23.78275131,-90.4542,114.2369520546289
23.81677049,-90.445,114.26177018482421
23.77624483,-90.449356,114.22560090910156
23.73132198,-90.45049,114.18181483888672
23.73079764,-90.44783,114.1786278401953
23.88787678,-90.45537,114.34324482199219
23.81050862,-90.45129,114.26179493591798
23.89431869,-90.44051,114.33483230083985
23.78057215,-90.43006,114.21063349033203
23.79481775,-90.44346,114.2382763071289
23.74365296,-90.4408,114.18445648783202
23.72095525,-90.43421,114.15516698095703
23.85656801,-90.42784,114.28440919652344
23.77919889,-90.41651,114.19571042564453
23.85732089,-90.41629,114.27361117320312
23.78952978,-90.40304,114.19256780490234
23.88496728,-90.395905,114.28087182101562
23.8768073,-90.40282,114.27962407246093
23.86423723,-90.417206,114.28144304054688
23.85864842,-90.43274,114.29138767781251
23.83158463,-90.43357,114.2651554918164
23.87416572,-90.42967,114.30383796121095
23.87029907,-90.44744,114.31774017107422
23.74257941,-90.448524,114.19110388509766
23.8393775,-90.4582,114.29757604736328
23.86688892,-90.46193,114.32881824128907
23.84906289,-90.45418,114.30324074644531
23.70340792,-90.45644,114.1598517066211
23.82350131,-90.46671,114.29021426166015
23.75698512,-90.48265,114.23963587683593
23.85476149,-90.468895,114.3236564484961
23.84810257,-90.457954,114.30605697673828
23.72175893,-90.467445,114.18920430353515
23.76676557,-90.4781,114.24486920769532
23.88011149,-90.47435,114.35446146558594
23.7966435,-90.476555,114.27319837060547
23.80137238,-90.471466,114.27283844445313
23.74077072,-90.46881,114.20958175515625
23.73556888,-90.479126,114.2146948565625
23.71338894,-90.48074,114.19413234820313
23.71595312,-90.475945,114.19189763904296
23.7350535,-90.47228,114.20733590966796
23.70280279,-90.467735,114.17053808052734
23.89890198,-90.44801,114.34691528566407
23.78696965,-90.42772,114.21468876621094
23.78165189,-90.426605,114.20825711460938
23.81732761,-90.41944,114.23676883314454
23.87104839,-90.429115,114.30016368541015
23.83266599,-90.41716,114.24982602417968
23.74278357,-90.42074,114.16352179021484
23.8489981,-90.42037,114.26937010927735
23.72800056,-90.42474,114.15274421234375
23.87129677,-90.4335,114.30479896726563
23.84659359,-90.44462,114.29121181509765
23.88739058,-90.43313,114.3205189369336
23.87502244,-90.43602,114.31104233746093
23.7825855,-90.42747,114.2100528461914
23.87884399,-90.436295,114.31513854566407
23.86196114,-90.44168,114.30364204820313
23.78945087,-90.45274,114.24219440027343
23.83898208,-90.468704,114.3076863036328
23.73330967,-90.46566,114.19896976521484
23.80686556,-90.47244,114.27930818695313
23.71072421,-90.46646,114.17718539164062
23.7821799,-90.46824,114.25041873056641
23.82562188,-90.456406,114.28202751964844
23.82549723,-90.44368,114.26917703957031
23.77407567,-90.43387,114.20794407820313
23.7176325,-90.42636,114.14399358398438
23.82819609,-90.42465,114.25284818960938
23.71694406,-90.41497,114.13191445794922
23.74686486,-90.40124,114.14810234779297
23.86065624,-90.40673,114.26738689185547
23.78733014,-90.39928,114.18660687339843
23.89995433,-90.38742,114.28737498429687
23.85405104,-90.37882,114.23287336666016
23.78103399,-90.39417,114.17520665845703
23.72196432,-90.39555,114.11751790886719
23.78583338,-90.40673,114.19256403185547
23.72732657,-90.40118,114.12850302263672
23.83798676,-90.3897,114.22768860326173
23.72100473,-90.396065,114.11706948830079
23.88866214,-90.39771,114.28637484751954
23.77795119,-90.38539,114.16334242535156
23.70653199,-90.38358,114.09011505884766
23.86572052,-90.38221,114.24793029783203
23.77028044,-90.387764,114.15804441705077
23.83398936,-90.39211,114.2261020919336
23.87266556,-90.40044,114.27310196136719
23.7117648,-90.4099,114.12166165058593
23.70314462,-90.41927,114.12241799646485
23.72831469,-90.43534,114.16365557134766
23.74711034,-90.41938,114.16649052798829
23.80482428,-90.414474,114.21929876730468
23.89219188,-90.41006,114.30224894787109
23.8090112,-90.40441,114.21342251591797
23.87186049,-90.393936,114.26579664722657
23.73992089,-90.39207,114.13198784556641
23.87861765,-90.40395,114.28257120224609
23.84292143,-90.40064,114.24356382501954
23.88997482,-90.41363,114.30360244451171
23.87469344,-90.40927,114.28396468023438
23.87005192,-90.41017,114.28022342878907
23.71462462,-90.40742,114.12204191736328
23.83477327,-90.40429,114.23906251560547
23.76151342,-90.414,114.17551488484375
23.75168101,-90.405174,114.15685526537109
23.79063535,-90.395966,114.18660092617188
23.87345582,-90.39508,114.26853638640625
23.71795706,-90.386604,114.10456136908203
23.88483556,-90.393005,114.27784093109375
23.8716042,-90.39111,114.26271748125001
23.75597307,-90.40366,114.1596367052539
23.76787164,-90.40935,114.17721917417968
23.71014549,-90.40918,114.1193251775
23.84592373,-90.40552,114.251441308125
23.73435752,-90.405205,114.13956229294922
23.75907352,-90.41135,114.17041995554688
23.7795929,-90.40266,114.18224945517578
23.78131876,-90.40986,114.19117746361329
23.86031053,-90.41494,114.27525041037109
23.79899775,-90.40443,114.20342432470703
23.71112947,-90.40745,114.11857728494141
23.82010815,-90.39574,114.21584484433593
23.76136188,-90.38785,114.14920978039062
23.76797288,-90.38646,114.15443223058594
23.74133383,-90.39324,114.13457571232422
23.72234498,-90.390785,114.11313019728516
23.75123718,-90.39722,114.148453976875
23.87536876,-90.38601,114.2613779763086
23.87434903,-90.3928,114.26714840744141
23.88901232,-90.37633,114.26533983464844
23.70684495,-90.37957,114.08641495732422
23.88010203,-90.39795,114.27805124875
23.77230356,-90.394806,114.16710946820312
23.82971454,-90.40156,114.23127246236328
23.8239646,-90.399216,114.22318029824218
23.73433994,-90.38744,114.12178348248047
23.73442027,-90.39817,114.13259074119141
23.74267702,-90.409096,114.15177278416016
23.7537567,-90.41509,114.16884916826172
23.77388617,-90.4178,114.19168707332031
23.79100228,-90.41305,114.20405007052734
23.77182288,-90.39655,114.16837591955078
23.8178581,-90.39269,114.21055066591796
23.73143148,-90.38032,114.11174916798828
23.88646996,-90.3883,114.27476799466797
23.86745541,-90.378624,114.24607937240235
23.71036478,-90.37461,114.0849756808789
23.79231675,-90.36644,114.15875656933594
23.8629374,-90.35977,114.22270912851562
23.77049144,-90.349525,114.12001689166016
23.78468603,-90.36019,114.14487737521485
23.89915116,-90.35441,114.25355942416016
23.85110173,-90.35965,114.21075138820312
23.75539485,-90.367905,114.12329951308594
23.81304896,-90.373085,114.18613398197266
23.86054114,-90.36635,114.22688940660156
23.75605576,-90.38175,114.13780777416015
23.71522806,-90.37213,114.08735940765625
23.76596582,-90.362076,114.12804162566407
23.87651378,-90.36554,114.24205333078125
23.79357436,-90.36498,114.15855696498048
23.81945245,-90.37391,114.19336144658203
23.70826223,-90.36652,114.07478597267578
23.74789397,-90.37544,114.12333647488282
23.85695285,-90.380424,114.23737734951172
23.84226599,-90.38,114.22226324341797
23.72217419,-90.38048,114.10265209527344
23.86409068,-90.37078,114.23487162482422
23.80636571,-90.37095,114.1773145015039
23.74998425,-90.383286,114.13326977246093
23.73110159,-90.38003,114.1111293609961
23.73429017,-90.38371,114.1180029385547
23.78359931,-90.38418,114.1677774716211
23.87521857,-90.385025,114.26024359441406
23.7735544,-90.38993,114.16348512509765
23.83021611,-90.39572,114.22593754554687
23.728551,-90.38883,114.11738309228515
23.71277693,-90.38098,114.0937583753125
23.78222785,-90.36778,114.15001044277344
23.73289043,-90.37804,114.11092692902344
23.73893645,-90.36148,114.10041716289062
23.75392735,-90.36007,114.11399662490234
23.71230099,-90.350395,114.06269619263672
23.86017229,-90.33952,114.1996956054297
23.80841165,-90.340965,114.14937692099609
23.78142417,-90.343506,114.12493002937501
23.766261,-90.34878,114.1150387709961
23.70019476,-90.354485,114.05467931810547
23.87387136,-90.35696,114.23082784193359
23.8523749,-90.35512,114.20749269785156
23.84621246,-90.35517,114.20138366361329
23.73489048,-90.35227,114.08716251369141
23.71043928,-90.36639,114.07682569357422
23.71294033,-90.35845,114.07139217326171
23.80725361,-90.34558,114.1528346646875
23.82722482,-90.352165,114.17939004216797
23.89963955,-90.34755,114.24718898847657
23.80447275,-90.33565,114.14012033300781
23.7664761,-90.34129,114.10776943496094
23.83595298,-90.35017,114.18611930080078
23.82878836,-90.34102,114.16980703675782
23.70458076,-90.33475,114.03932807445312
23.72474406,-90.34155,114.066296794375
23.83846983,-90.34034,114.17880949064454
23.71647023,-90.32789,114.04435871876953
23.86123993,-90.32659,114.18783142169922
23.88155923,-90.33452,114.21607766261718
23.73999928,-90.338844,114.07884357931641
23.80109657,-90.329834,114.130930554375
23.76290968,-90.3329,114.09581068097657
23.80418691,-90.32913,114.13331899007812
23.82319174,-90.33981,114.16300497242187
23.70234537,-90.34614,114.04848337048828
23.87907892,-90.33751,114.21658807527344
23.77384307,-90.33026,114.10410430046875
23.73836715,-90.34017,114.07853896396485
23.70642097,-90.33088,114.03730018142578
23.89854093,-90.32672,114.22526212140625
23.85189208,-90.32906,114.18095549552734
23.79119344,-90.332886,114.1240791821875
23.87317495,-90.342316,114.21549062382812
23.79122629,-90.34951,114.14073648287109
23.8375812,-90.34311,114.18069033085938
23.89143479,-90.35009,114.24152481685547
23.84124895,-90.34688,114.1881270017578
23.74802334,-90.35846,114.10648281265625
23.88667377,-90.37377,114.26044543748047
23.70444235,-90.37905,114.08349355849609
23.88409049,-90.38791,114.27199942554688
23.89242506,-90.39588,114.28830671283202
23.71836179,-90.40086,114.11922543746094
23.71119843,-90.41627,114.12746582501953
23.86773558,-90.41075,114.27848692277344
23.70502293,-90.40938,114.11440098175781
23.8609343,-90.406586,114.26751999335937
23.77059717,-90.40708,114.17767877400391
23.7044142,-90.420074,114.12448866289063
23.82855994,-90.41103,114.2395935703711
23.75588541,-90.402435,114.15832071273438
23.73024832,-90.39104,114.12128530730469
23.80932856,-90.393745,114.20307398236328
23.70564416,-90.40066,114.10630181380859
23.77868276,-90.4087,114.18738179564453
23.82343158,-90.405014,114.22844561808594
23.84514877,-90.39895,114.2440974394336
23.80334861,-90.38268,114.18603141029297
23.71234148,-90.381,114.09333818410155
23.8526905,-90.387856,114.24054602978515
23.77752464,-90.38385,114.16137473765625
23.73614909,-90.37579,114.11194254703125
23.7529546,-90.38584,114.1387959696289
23.83349314,-90.39402,114.22751322056641
23.7395565,-90.38509,114.12465018896484
23.71762312,-90.394165,114.1117881590625
23.82421068,-90.38444,114.20864824103515
23.82918005,-90.36932,114.19850378046876
23.78900267,-90.37335,114.16235472078125
23.80100065,-90.37021,114.17120939023437
23.86636404,-90.37567,114.24203542671876
23.76771369,-90.3762,114.1439115049414
23.8727346,-90.372696,114.24543052285156
23.87471391,-90.3894,114.26411057748047
23.80240464,-90.38029,114.18269181041015
23.70334143,-90.38571,114.08905309992187
23.88448052,-90.39656,114.28104118894531
23.72798092,-90.414154,114.14213497273437
23.80544017,-90.40054,114.20598338289062
23.83444708,-90.39319,114.2276355565625
23.71901994,-90.394394,114.11341386089843
23.85004859,-90.384155,114.2342038634375
23.82260967,-90.386154,114.20876384480468
23.83458613,-90.382385,114.21697138390626
23.73077066,-90.371155,114.10192544515625
23.75437152,-90.3663,114.12067401023438
23.76051733,-90.3757,114.13621923429687
23.73007974,-90.36082,114.09089669556641
23.81320211,-90.37172,114.18492147035155
23.71532242,-90.35681,114.0721339434375
23.7513184,-90.337265,114.08858341464844
23.85224549,-90.34298,114.19522492115235
23.74741813,-90.35123,114.09864493664062
23.7389029,-90.33706,114.0759619209961
23.72831247,-90.34852,114.07683084158202
23.82341442,-90.3365,114.15991649519532
23.79080668,-90.33487,114.12567606476563
23.74398829,-90.342766,114.08675409810547
23.74077234,-90.33468,114.07545098990235
23.8977631,-90.33714,114.23490604433593
23.71335441,-90.34376,114.05711203939453
23.84873095,-90.33728,114.1860112234375
23.8830142,-90.34949,114.2325015046875
23.78907377,-90.35325,114.14232236619141
23.79632443,-90.35302,114.14934414435547
23.87060331,-90.349266,114.2198693622461
23.70288949,-90.35081,114.05369667994141
23.73795438,-90.364685,114.10263943859376
23.84276306,-90.35713,114.19989501800781
23.80285218,-90.35637,114.15922119855469
23.89344121,-90.36083,114.25427342435546
23.74231054,-90.366035,114.10834600142579
23.87732874,-90.36104,114.23836694800781
23.89997251,-90.37152,114.27149350609375
23.70025197,-90.38581,114.08606282205078
23.7577058,-90.38652,114.14422618574218
23.89624623,-90.38568,114.28192738234375
23.87969241,-90.38841,114.26810488558594
23.71930907,-90.388466,114.10777495134766
23.7514161,-90.3807,114.13211525771484
23.82548479,-90.39063,114.21611741939454
23.7495619,-90.38302,114.13258039365235
23.7783247,-90.369514,114.14783916533203
23.75071559,-90.36511,114.1158278946875
23.75978695,-90.376595,114.13638149345704
23.76822469,-90.36102,114.12924763921875
23.80504041,-90.36688,114.17192273421875
23.8559487,-90.362465,114.21841360478516
23.81010272,-90.3539,114.16399981472657
23.74918789,-90.36531,114.11449855894531
23.83113501,-90.360825,114.19195959496093
23.86645603,-90.35957,114.22602939425781
23.82984391,-90.35353,114.18337479378906
23.86001857,-90.36247,114.22249110417968
23.78984702,-90.370575,114.16042197117187
23.88486802,-90.37898,114.26385056394531
23.82282271,-90.39254,114.21536268802734
23.84225912,-90.392044,114.2343031873828
23.72214934,-90.40718,114.12933012613281
23.82582917,-90.417625,114.24345459724609
23.70578265,-90.411804,114.11758684921875
23.73274812,-90.41559,114.14833649890625
23.83973515,-90.41992,114.259657025
23.83517844,-90.42518,114.26035696783202
23.79925365,-90.41738,114.21663493662109
23.83155245,-90.41537,114.24691957646485
23.86391636,-90.42395,114.2878665553125
23.86681305,-90.43576,114.30257354804688
23.87789849,-90.424484,114.3023827429297
23.87802473,-90.44246,114.3204838364453
23.81303498,-90.44415,114.25718781203125
23.77058976,-90.44003,114.21062271898438
23.70005812,-90.44828,114.14833845447265
23.88625088,-90.45247,114.33871975207032
23.73947482,-90.44036,114.17983584294922
23.86658202,-90.44891,114.31549559421875
23.75014544,-90.45726,114.20740557183593
23.76436394,-90.45171,114.21607750201171
23.74128825,-90.45383,114.19511515429687
23.85515287,-90.439064,114.2942168958789
23.7870881,-90.446915,114.23400277285157
23.89237774,-90.43452,114.32689464673828
23.8619459,-90.418945,114.2808912125
23.81329414,-90.43414,114.24743720640625
23.85662073,-90.44726,114.30387872560547
23.86847543,-90.44083,114.30930184601563
23.88342119,-90.433426,114.31684709332032
23.71599331,-90.44849,114.164479638125
23.86023393,-90.460175,114.32040849054687
23.73678186,-90.46084,114.1976201778711
23.88322874,-90.46778,114.35100980689452
23.73757515,-90.47007,114.2076450352539
23.73441992,-90.47448,114.20889959529296
23.79877912,-90.479996,114.27877484753907
23.87145264,-90.48297,114.35442383140625
23.71753716,-90.48111,114.19864677914063
23.71197987,-90.47087,114.18285084167968
23.85299531,-90.468376,114.32137146966797
23.86791868,-90.47449,114.3424059846875
23.79138186,-90.46867,114.26005556605469
23.82946405,-90.4597,114.28916558808594
23.72586074,-90.45955,114.18540969019531
23.81930198,-90.45456,114.27386130617188
23.70216065,-90.458786,114.16094666074218
23.76038086,-90.44594,114.20631897035156
23.70428137,-90.44038,114.14465765173829
23.7542935,-90.42789,114.18218046289063
23.70454399,-90.43224,114.13678733716797
23.88813446,-90.4187,114.306835631875
23.87660576,-90.424194,114.3008000959375
23.74113731,-90.429565,114.1707027396875
23.88342441,-90.42525,114.30867160238282
23.87917301,-90.42436,114.30353519261719
23.74369451,-90.42904,114.17273351146484
23.83456755,-90.429985,114.26455259638672
23.73740541,-90.427246,114.16465150375001
23.83635667,-90.42235,114.25870469246094
23.71273431,-90.41387,114.12660607513672
23.87187374,-90.40125,114.27312648658203
23.86500225,-90.39738,114.26237926416016
23.7343732,-90.3983,114.13267337089843
23.78798757,-90.413994,114.20198140544922
23.75085129,-90.40384,114.15469040132812
23.72465081,-90.41312,114.13776726507812
23.70266469,-90.40039,114.103055315
23.76053301,-90.400795,114.16132799291016
23.88773734,-90.39864,114.28638083365234
23.87763542,-90.40085,114.27848380867188
23.78687666,-90.39015,114.17702863753907
23.75770764,-90.39563,114.1533375228125
23.76153212,-90.38902,114.15055494714844
23.841269,-90.383934,114.22520302099609
23.75319586,-90.38293,114.13612280091797
23.86518393,-90.37479,114.23997030695313
23.77179381,-90.3661,114.13789030658202
23.71349805,-90.35342,114.06691449287109
23.72434036,-90.36596,114.09029952748047
23.85417226,-90.355675,114.20984700365234
23.85415599,-90.36163,114.21578929078125
23.77943251,-90.34409,114.1235258327539
23.89906137,-90.34996,114.24902169714844
23.74386054,-90.36195,114.10581427535156
23.73925128,-90.3658,114.10505023019532
23.80542955,-90.35657,114.1619969328125
23.81105802,-90.36594,114.17699429929688
23.78386178,-90.37718,114.16104378683593
23.81524806,-90.36889,114.18413691498047
23.87868224,-90.35931,114.23798857544922
23.79302358,-90.36108,114.15409993498047
23.89923023,-90.35717,114.25640033498047
23.88966245,-90.370316,114.25997800175782
23.84114807,-90.369934,114.21108215203125
23.84090427,-90.387764,114.22866824705078
23.84509098,-90.39779,114.24287998146484
23.87228443,-90.41568,114.28796436164063
23.86601789,-90.425934,114.29195172789062
23.84389008,-90.446144,114.2900341840039
23.86318608,-90.441444,114.30463047697265
23.7860267,-90.43713,114.22316048906251
23.79957007,-90.45293,114.25249670574219
23.8789779,-90.447525,114.32650292441406
23.71832964,-90.43878,114.15711137828126
23.85517468,-90.447716,114.30289043927735
23.83429351,-90.44394,114.27823271898437
23.72971473,-90.45278,114.18249640724609
23.78344587,-90.44763,114.23107770593751
23.84564101,-90.46162,114.30725752611329
23.84488072,-90.45231,114.29718937478515
23.83820339,-90.441055,114.27925868785157
23.73118485,-90.45009,114.18127335097657
23.85551158,-90.452934,114.30844584513672
23.7264132,-90.46009,114.18650383720703
23.89618173,-90.46756,114.36374154445312
23.73100728,-90.48059,114.2115981003125
23.81862427,-90.487,114.30562378171875
23.8550685,-90.47811,114.33317976708985
23.70147658,-90.46699,114.16846418986329
23.84400435,-90.4679,114.31190748720704
23.74481644,-90.47335,114.21816696490234
23.73615372,-90.47761,114.21376144705079
23.7148457,-90.469955,114.18480114433594
23.73824155,-90.473434,114.21167599824219
23.82198493,-90.45854,114.28052680011719
23.89981891,-90.45325,114.3530659803125
23.81351766,-90.45878,114.27229604134766
23.82094902,-90.469444,114.29039329490234
23.77786813,-90.46677,114.24463448742188
23.70751137,-90.46394,114.1714548514453
23.84635185,-90.470146,114.31649802919922
23.71565394,-90.454346,114.169999643125
23.84380389,-90.457054,114.3008580281836
23.86687562,-90.46292,114.32979676257813
23.7447364,-90.46017,114.20490333115234
23.85515299,-90.45893,114.31408395923827
23.88241907,-90.4639,114.34631677507812
23.81150665,-90.46553,114.27703704550781
23.78545854,-90.45845,114.24390885738282
23.81029971,-90.465904,114.27620394583984
23.86109978,-90.45851,114.31961113253907
23.82330601,-90.44948,114.27278415941406
23.81284086,-90.44637,114.25921384583984
23.78110904,-90.44513,114.22623843453125
23.7051689,-90.44402,114.14919203232422
23.72941991,-90.43734,114.16675969271485
23.80243119,-90.42813,114.23056229351562
23.82916885,-90.41861,114.24777846914063
23.73585045,-90.40437,114.14022361894531
23.8358331,-90.4032,114.2390313421875
23.80470986,-90.40345,114.20815987220703
23.83404963,-90.39086,114.22491114123046
23.80544568,-90.4033,114.2087431043164
23.7855802,-90.396805,114.18238500957031
23.7628734,-90.392654,114.15552781894532
23.73321891,-90.40287,114.13608908822266
23.71723456,-90.40554,114.1227750263086
23.87129591,-90.39743,114.26872632992188
23.80868045,-90.38714,114.19581881669922
23.89752707,-90.37653,114.27406057830078
23.86877372,-90.38603,114.2548058244922
23.72336559,-90.38088,114.1042478531836
23.87424142,-90.3976,114.27183968660157
23.85523776,-90.388535,114.24377230589843
23.89753421,-90.40093,114.29846652201172
23.8777318,-90.40184,114.27957200996093
23.77146953,-90.39779,114.16925853146485
23.82838001,-90.41881,114.24718799339844
23.8274651,-90.41783,114.24529652089844
23.88825058,-90.426796,114.31504653947266
23.73460064,-90.435585,114.17018566197265
23.78824389,-90.44809,114.23633348960938
23.81623354,-90.46103,114.27726259273437
23.70120432,-90.46091,114.16211130242188
23.7292497,-90.446686,114.17593549101562
23.82946071,-90.44231,114.2717672285547
23.79445619,-90.434204,114.2286602915625
23.75169881,-90.43074,114.1824391664453
23.73786282,-90.44019,114.17805599626953
23.85106004,-90.431015,114.28207505464843
23.79941692,-90.441666,114.24108256941406
23.7576952,-90.43368,114.19137287333984
23.76840894,-90.42294,114.19135205523438
23.85250779,-90.43171,114.28421707955079
23.77492056,-90.42531,114.20022878753906
23.77857765,-90.412605,114.19118293564453
23.80318417,-90.410576,114.21376003669923
23.7120075,-90.41305,114.12505529052734
23.84412203,-90.41188,114.25600252316406
23.71801419,-90.40236,114.12037319878907
23.87726003,-90.395966,114.27322560617188
23.80833226,-90.39147,114.19980412279297
23.88830871,-90.38958,114.27788848294922
23.78048676,-90.40263,114.18312042699219
23.89667921,-90.41473,114.31140546732422
23.82195964,-90.41964,114.24159922740235
23.72468252,-90.41844,114.14312429246094
23.81254348,-90.43195,114.24449691017578
23.71046636,-90.429924,114.14039037123047
23.78801602,-90.42912,114.21713894480469
23.83462363,-90.42175,114.2563765596875
23.72696091,-90.41633,114.14328934017578
23.73284506,-90.41408,114.14692281878906
23.85245784,-90.41487,114.26732905582031
23.75443795,-90.4202,114.17463448320312
23.87084908,-90.42913,114.29997963419922
23.82285215,-90.41903,114.24188138583985
23.80934637,-90.42037,114.22971837927734
23.77899804,-90.41066,114.18965783003907
23.89178022,-90.40274,114.29452069851563
23.82489237,-90.41742,114.24231180359375
23.71563766,-90.41084,114.12648055550781
23.78165737,-90.40872,114.19037929382813
23.7245622,-90.399025,114.12358716337891
23.84692474,-90.38673,114.23365111939452
23.74999923,-90.38773,114.13773268947266
23.70327076,-90.38082,114.08409198802734
23.89886161,-90.37615,114.27501364857422
23.79441539,-90.36056,114.15497294615234
23.70697873,-90.36633,114.0733117378125
23.79097645,-90.366554,114.15753071025391
23.75461047,-90.36157,114.116182735625
23.84524219,-90.3712,114.21644275152343
23.70152984,-90.377594,114.07912383414063
23.72739166,-90.369675,114.09706634261718
23.77077157,-90.36711,114.13788277605468
23.77934514,-90.36844,114.14778386070313
23.79756018,-90.37228,114.16983648615235
23.77064456,-90.3599,114.13054598822265
23.77973797,-90.35578,114.13551952517578
23.79695563,-90.359406,114.15636114757812
23.88646845,-90.36266,114.24913171904296
23.80537463,-90.35388,114.1592564659375
23.78606018,-90.35691,114.1429708855664
23.70956904,-90.361855,114.07142359322266
23.72994667,-90.36192,114.09186988777344
23.85142751,-90.3732,114.22462697289063
23.89170726,-90.361946,114.25365336595704
23.7767073,-90.37036,114.147068628125
23.8923977,-90.36035,114.2527492625
23.76564232,-90.3649,114.13054100164062
23.89042315,-90.35739,114.24781450742188
23.82186981,-90.36646,114.18833251751953
23.70575222,-90.35606,114.0618084333789
23.71563224,-90.3552,114.07083396119141
23.8959529,-90.36577,114.26172133261718
23.7610488,-90.36037,114.12141562128906
23.7027995,-90.367905,114.07070416308594
23.71563423,-90.367744,114.08337867580079
23.80596707,-90.359184,114.16515133513673
23.74570597,-90.36365,114.1093534309375
23.8508233,-90.36634,114.21716393720703
23.87687499,-90.354576,114.23145110083985
23.77252652,-90.36031,114.13283993552734
23.83914352,-90.35265,114.19179702341796
23.84499325,-90.35292,114.19791378222656
23.79467506,-90.355034,114.14970893451172
23.75192054,-90.3624,114.11431678023438
23.85156585,-90.35197,114.20353270791016
23.71016765,-90.348274,114.05844188095703
23.71651939,-90.357544,114.0740633353125
23.72340863,-90.35726,114.08067028771484
23.76360775,-90.363594,114.12720180517579
23.75964956,-90.34929,114.10893850042969
23.76355476,-90.34712,114.11067695238282
23.71947598,-90.35607,114.07554745216797
23.78417046,-90.337105,114.12127525736328
23.7966675,-90.331436,114.12810365722656
23.87641703,-90.33832,114.21473490109375
23.88583393,-90.33581,114.22164173029297
23.76658646,-90.34176,114.10834518802734
23.89230008,-90.33664,114.22893948429687
23.79510268,-90.3536,114.14870222833984
23.8681057,-90.36651,114.23461418388672
23.70127765,-90.37417,114.0754460459961
23.71650137,-90.37903,114.0955296903125
23.7849383,-90.38044,114.16537805830077
23.77910991,-90.380974,114.16008372591797
23.79252291,-90.37903,114.1715512303125
23.75290901,-90.37612,114.12903053099609
23.81506433,-90.36154,114.17660607804687
23.84782887,-90.358086,114.20591450232422
23.72696393,-90.35582,114.08278363214843
23.80934488,-90.36608,114.17542611779297
23.74734026,-90.377556,114.12489610716797
23.87728622,-90.37117,114.24845626394531
23.88170563,-90.357895,114.23960052746094
23.84226656,-90.36144,114.20370912591797
23.73336662,-90.35203,114.0853945130664
23.89040734,-90.3632,114.25360466666015
23.84791324,-90.35581,114.2037253127539
23.72051696,-90.35221,114.07272795853515
23.8161572,-90.365974,114.18213162626952
23.82365642,-90.38117,114.20482860017577
23.81842401,-90.367294,114.18571832152344
23.80703256,-90.36933,114.17636391986328
23.71391663,-90.38095,114.09486755773437
23.73923828,-90.39307,114.13230468625
23.88646768,-90.391106,114.27757333185546
23.85430381,-90.39704,114.25134513080079
23.81319744,-90.38855,114.2017472446875
23.81698152,-90.378815,114.19579621726562
23.7597727,-90.38751,114.14728490703125
23.76465407,-90.38671,114.15136519060547
23.72593194,-90.381325,114.1072567080664
23.88571469,-90.379715,114.26542965582031
23.83121521,-90.38374,114.21495849613281
23.75376096,-90.37143,114.12519040335937
23.84254599,-90.38155,114.22409963990235
23.87051262,-90.39293,114.26344169714844
23.84018508,-90.40391,114.2440928558789
23.75576409,-90.409645,114.1654091705664
23.74360236,-90.41704,114.16064032386718
23.72141744,-90.42341,114.14482594830078
23.7804089,-90.433205,114.2136135508789
23.88516044,-90.43183,114.31699179986327
23.73989496,-90.429474,114.16936883695313
23.79609382,-90.41755,114.21364295330078
23.70198972,-90.40644,114.10843045486328
23.86877689,-90.41203,114.28080997105468
23.82427037,-90.398674,114.22294438123046
23.76410314,-90.3964,114.16050359166016
23.72559346,-90.384285,114.10987843314453
23.82603309,-90.3959,114.22193000162109
23.807303,-90.406235,114.21353774121094
23.89672382,-90.40479,114.30151660564454
23.79386257,-90.40594,114.19979976482422
23.73162997,-90.40727,114.13890230886719
23.86949088,-90.41787,114.2873604478711
23.87891937,-90.41855,114.29746795398438
23.72057434,-90.411285,114.13185974039062
23.86538468,-90.421776,114.2871604978711
23.75226825,-90.42319,114.17545550585938
23.80765859,-90.43368,114.24133626333985
23.81862303,-90.42604,114.24466367941406
23.87900352,-90.41462,114.29362296580078
23.73155796,-90.40912,114.14067661234375
23.70393911,-90.420975,114.1249138414453
23.81935538,-90.4112,114.23055685705079
23.82593409,-90.40224,114.22817102847657
23.89306504,-90.40955,114.30261856783203
23.71998921,-90.40571,114.12569752298828
23.78155651,-90.403725,114.18528118041016
23.84223098,-90.40393,114.2461616440625
23.81120184,-90.40112,114.212324886875
23.89080004,-90.41122,114.30201677583985
23.71773224,-90.42191,114.13964538697266
23.72923685,-90.413734,114.14297128603516
23.82283191,-90.40957,114.2324006966211
23.82576938,-90.40688,114.23265261974609
23.79311211,-90.4005,114.19360954652343
23.84803914,-90.402214,114.25025319029297
23.76692166,-90.40676,114.1736828294336
23.7547854,-90.420006,114.17479119833985
23.73756158,-90.41003,114.14758813029297
23.82131511,-90.404305,114.22561961439453
23.86088283,-90.409256,114.27013881144532
23.70598093,-90.40185,114.10782876935546
23.73212485,-90.39131,114.12343649550782
23.87053936,-90.38458,114.25512187953125
23.70441439,-90.38698,114.09139253941406
23.70885478,-90.38883,114.09768687228515
23.80301622,-90.39648,114.19949296560547
23.77339967,-90.396515,114.16991456257813
23.85396791,-90.378746,114.23271394271484
23.83046172,-90.38164,114.21209929324219
23.73747738,-90.37931,114.11678798791016
23.76760908,-90.39519,114.16279645792969
23.71735187,-90.38736,114.10471148914063
23.71886785,-90.38135,114.10021550625
23.8962994,-90.38049,114.2767925640625
23.70778177,-90.38541,114.09318826414062
23.73631696,-90.37761,114.11392621292968
23.77941264,-90.37643,114.15583933677735
23.81830164,-90.35996,114.17826410337891
23.89064992,-90.356285,114.24693501521485
23.7777476,-90.36406,114.14180704824219
23.73702034,-90.35594,114.09296211246094
23.79785926,-90.34709,114.14495093480468
23.85428762,-90.35991,114.2141966776172
23.75190857,-90.34919,114.10109832830078
23.73382666,-90.353966,114.08779241927735
23.84307297,-90.35362,114.19669540652345
23.80413313,-90.35139,114.15552015392578
23.83672076,-90.33643,114.17315417064452
23.77300503,-90.34283,114.11583187326173
23.86276673,-90.35691,114.21967743556641
23.78494636,-90.35783,114.14277259291015
23.83145514,-90.35663,114.18808355796875
23.77657488,-90.34455,114.12112596642578
23.81372293,-90.35637,114.17009194855468
23.81310686,-90.36128,114.17438920863282
23.85955625,-90.35671,114.21626859130859
23.71966982,-90.35734,114.07700777166016
23.74518176,-90.34386,114.08903857152345
23.7585168,-90.354805,114.11332179267578
23.80143234,-90.3629,114.16433212027344
23.88166343,-90.35629,114.23795615460938
23.85980431,-90.349144,114.2089482919336
23.86755789,-90.350266,114.21782339292969
23.76884698,-90.34652,114.11536645021485
23.76689195,-90.35499,114.12188004814453
23.83936655,-90.364876,114.20424234345703
23.87168965,-90.3758,114.24749073642579
23.8917399,-90.37352,114.26525979746094
23.77255505,-90.364586,114.13714092646484
23.82567158,-90.38069,114.20636310832032
23.84030011,-90.39637,114.23667004408203
23.88058058,-90.38797,114.26855055070313
23.84738939,-90.40169,114.24907701207032
23.78503773,-90.41699,114.2020299175
23.85362885,-90.42167,114.27529785634766
23.78983939,-90.43152,114.2213579446875
23.89814343,-90.42743,114.32557262921875
23.77304908,-90.42468,114.19773169718749
23.71465976,-90.43397,114.14862735033203
23.84205542,-90.43916,114.28121862800782
23.75973842,-90.45014,114.20988032673829
23.84118073,-90.46025,114.30143158449219
23.71517442,-90.443245,114.15841935408203
23.8974201,-90.45247,114.34988897207032
23.85921025,-90.461105,114.32031559667969
23.83764623,-90.46424,114.30188725783204
23.82854023,-90.46627,114.29481067677735
23.72810339,-90.457695,114.18579839732422
23.7289001,-90.464096,114.19299616933594
23.71541277,-90.47449,114.1899000746875
23.85274892,-90.47273,114.32548146394531
23.84274227,-90.45885,114.30158931589844
23.87305768,-90.45888,114.33193524347656
23.83003195,-90.4679,114.29793508720704
23.77912018,-90.46555,114.24467346369141
23.88010986,-90.47068,114.35079009681641
23.82332707,-90.46999,114.2933206613086
23.70940536,-90.47748,114.18688338734376
23.8796435,-90.47155,114.35119348779297
23.87464851,-90.47616,114.35080665208984
23.85155593,-90.47204,114.32359419904297
23.88560926,-90.47755,114.36315595189453
23.77974962,-90.4814,114.26114915613282
23.86885894,-90.48685,114.35570586382812
23.88666863,-90.48298,114.36964745080078
23.85818845,-90.49658,114.35477048125
23.84625283,-90.50808,114.35433235880859
23.77126085,-90.520355,114.29161607460938
23.76771029,-90.52867,114.29638155464843
23.87968024,-90.52378,114.4034610627539
23.73593692,-90.51833,114.2542703550586
23.70850815,-90.50792,114.21642746152344
23.82809729,-90.511566,114.33966345210938
23.76747965,-90.515724,114.2832038321289
23.84595627,-90.50889,114.35484451462891
23.8994975,-90.497986,114.39748333984375
23.74337035,-90.48491,114.22827940761718
23.76395764,-90.49163,114.25558819419922
23.81927955,-90.49306,114.31233680097657
23.83296198,-90.49099,114.32395166505859
23.89865579,-90.48025,114.37890328755859
23.79914485,-90.473885,114.27302943251954
23.74381186,-90.47949,114.2233040475
23.87659374,-90.477455,114.35404887916016
23.84200729,-90.48378,114.32578719722656
23.82397738,-90.4705,114.29447451134766
23.87297152,-90.47456,114.3475351186328
23.7152704,-90.49024,114.20551240439454
23.7909595,-90.48806,114.2790194975586
23.87783074,-90.49636,114.3741915188086
23.71656237,-90.48986,114.20642290466796
23.81466174,-90.5025,114.31716418140624
23.76213644,-90.49102,114.25315664263672
23.81320336,-90.48322,114.29642632142578
23.71919742,-90.47707,114.1962710894336
23.80823977,-90.46857,114.27680666453125
23.80237262,-90.474495,114.27686755408203
23.71294707,-90.479614,114.1925613278125
23.74679587,-90.48981,114.23660299890625
23.72684279,-90.48153,114.20837202583985
23.7950686,-90.47329,114.2683580897461
23.75670274,-90.45835,114.21505387525391
23.80364638,-90.44844,114.25208693175782
23.81273533,-90.44912,114.26185489787109
23.70151748,-90.43539,114.13690413771485
23.87395915,-90.42931,114.30327280966797
23.72947648,-90.44248,114.17195847462891
23.86844194,-90.431244,114.29968583648437
23.80875474,-90.42237,114.23112565064453
23.74572669,-90.41615,114.16187964410156
23.85610672,-90.40625,114.26235672
23.82909415,-90.41179,114.24088309042969
23.83067924,-90.4053,114.23597556568359
23.76216172,-90.39647,114.15863083621093
23.78054482,-90.391464,114.17200905339844
23.80720982,-90.38671,114.19392094060547
23.77403056,-90.39031,114.16434275482422
23.77274154,-90.39432,114.16705916695312
23.86878875,-90.38014,114.24893096191406
23.89264404,-90.38608,114.27872192085937
23.79618866,-90.39858,114.19477111849609
23.87291842,-90.39713,114.27005129353516
23.85991533,-90.408615,114.2685304423047
23.79756146,-90.40938,114.20693951175781
23.83241626,-90.399666,114.23208209251953
23.71308198,-90.411156,114.12423768068359
23.8285718,-90.419426,114.24799776435546
23.74876116,-90.41933,114.16808794222656
23.88753079,-90.41478,114.30231045308594
23.83354361,-90.39996,114.23350698890624
23.82410733,-90.39859,114.22269741789063
23.88108149,-90.41075,114.29183283277344
23.849396,-90.4055,114.25489831933594
23.78371807,-90.40587,114.18958660027343
23.85751535,-90.40835,114.2658634334961
23.88617623,-90.401665,114.28784096388672
23.88871861,-90.417076,114.30579472083984
23.74995939,-90.42353,114.17348996861328
23.80974385,-90.41716,114.22690388417969
23.85895074,-90.43443,114.29338372339843
23.89597336,-90.43466,114.33063522523437
23.71778557,-90.44123,114.15901634392579
23.85425133,-90.440346,114.29459709416015
23.79027289,-90.4559,114.24617498960937
23.86849194,-90.4558,114.32429485748047
23.85020196,-90.45476,114.30495965042968
23.79017224,-90.46596,114.25612988160157
23.88529606,-90.47534,114.360637856875
23.77348906,-90.488815,114.26230436761719
23.77897353,-90.49202,114.27099318332031
23.8512968,-90.501076,114.3523725446289
23.75290608,-90.50157,114.25447773527344
23.85486253,-90.49877,114.35363419748046
23.85964073,-90.513306,114.3729463940625
23.84475161,-90.503265,114.34801699085938
23.77510233,-90.51675,114.29184885099609
23.79396666,-90.51091,114.30487669417968
23.8109321,-90.51303,114.32396310585938
23.72563539,-90.52308,114.24871430845704
23.77402219,-90.51584,114.28986081304687
23.73267385,-90.5108,114.24347707265625
23.75530269,-90.50247,114.25777461382813
23.88017512,-90.50287,114.38304377234375
23.71126337,-90.50079,114.21205682703125
23.81078148,-90.495575,114.30635643117188
23.78702747,-90.498215,114.28524219167969
23.83381717,-90.50247,114.33628909382813
23.89253082,-90.494255,114.38678588591797
23.79167762,-90.48189,114.27356543738281
23.80107988,-90.486664,114.28774369835938
23.723917,-90.482216,114.20613288134766
23.88225777,-90.476974,114.35923225730468
23.77772986,-90.478065,114.25579535072265
23.70842997,-90.4704,114.17882791921875
23.80597267,-90.48191,114.28788337556641
23.86894304,-90.476845,114.34578782759766
23.81818935,-90.48363,114.30181666933593
23.81972585,-90.47105,114.2907722977539
23.70430261,-90.46926,114.1735637794336
23.89411561,-90.47056,114.3646737765039
23.78116891,-90.46228,114.2434491834375
23.72837287,-90.4545,114.18287116101563
23.72805215,-90.458595,114.1866474258789
23.83363864,-90.45238,114.28601595933594
23.78631206,-90.43986,114.22616954291016
23.71071654,-90.4224,114.13311796822265
23.71723743,-90.42675,114.14398761310547
23.78525896,-90.424805,114.2100636475
23.85912582,-90.413826,114.27295180876953
23.72849303,-90.39403,114.12252073996093
23.72277335,-90.40184,114.12461355996093
23.79437673,-90.393684,114.18806111720703
23.80489316,-90.39451,114.19940152181641
23.80265808,-90.38228,114.18493652238281
23.8006244,-90.3724,114.17302277646485
23.8779668,-90.37398,114.25194446113281
23.77847971,-90.36261,114.14108957328125
23.70671053,-90.36731,114.0740201003125
23.70199726,-90.37273,114.07472370042969
23.7806596,-90.3649,114.14555828164063
23.87870853,-90.36842,114.24713199191406
23.84233577,-90.35617,114.19850642429688
23.81404985,-90.345146,114.15919602919922
23.84036449,-90.33997,114.18033793970703
23.73347109,-90.34735,114.08082216421874
23.75984231,-90.35107,114.11090889935546
23.85816121,-90.34925,114.20741200345702
23.70214414,-90.35693,114.05907773375
23.7609294,-90.35607,114.11700087216796
23.89025365,-90.36285,114.25310002451172
23.82218514,-90.36729,114.18947182212891
23.84629382,-90.352974,114.19926775798828
23.77913771,-90.36604,114.14518080082031
23.72066989,-90.36801,114.08868136460937
23.83645812,-90.37417,114.2106265159961
23.78485557,-90.37155,114.15640708367188
23.72876807,-90.35676,114.08552618767578
23.8793134,-90.35516,114.23447697421875
23.7503416,-90.35284,114.10317820888672
23.7696979,-90.36284,114.13253664511718
23.74182313,-90.350266,114.09208863292969
23.7783939,-90.34996,114.12835422714844
23.82224769,-90.36056,114.18280524615234
23.74141918,-90.357254,114.09867320832032
23.77179809,-90.34544,114.11724181558594
23.7026891,-90.34078,114.04347126552734
23.73189502,-90.33405,114.06594805955078
23.88138119,-90.34422,114.22560421246094
23.82706934,-90.32491,114.15198236490235
23.80082669,-90.320885,114.12171139458985
23.80296426,-90.32892,114.13188271703125
23.82841719,-90.341415,114.16983259527343
23.74212035,-90.33842,114.08053740322265
23.70680395,-90.33841,114.04521337382812
23.78203653,-90.34815,114.13018869064453
23.88182352,-90.35664,114.23846719675781
23.80213514,-90.35487,114.15700879722657
23.87654612,-90.34173,114.21827433044922
23.72519849,-90.35109,114.07628796753906
23.7546976,-90.36415,114.11884860097656
23.82804631,-90.36785,114.19589756732422
23.70469242,-90.36639,114.07107883357422
23.73005927,-90.3638,114.09385931882812
23.72206288,-90.36164,114.08370381017578
23.80343309,-90.34511,114.14854112222656
23.87630363,-90.33924,114.21554465783203
23.7006386,-90.34355,114.04419023574219
23.71119055,-90.35387,114.06505712714844
23.83275075,-90.35786,114.19060750048828
23.77369474,-90.345985,114.11968015259765
23.87867571,-90.33629,114.21496416214843
23.80757252,-90.3317,114.13927570603516
23.71192504,-90.32441,114.03633452486328
23.7013839,-90.33506,114.0364440196289
23.78782475,-90.341034,114.12885868554687
23.77942665,-90.32781,114.10723884482422
23.79627155,-90.33431,114.13058398896484
23.78592142,-90.33627,114.12219461335937
23.82037653,-90.32212,114.14249719650391
23.88015257,-90.31891,114.19906126140626
23.85120342,-90.31159,114.16279552205079
23.80583706,-90.31484,114.1206792841211
23.80549679,-90.330124,114.1356206913672
23.89657691,-90.32917,114.22574713705077
23.88836638,-90.33421,114.22257963683595
23.73143848,-90.348206,114.07964404640626
23.82726958,-90.34102,114.16828825675782
23.7623658,-90.35198,114.11434791669922
23.7398847,-90.35662,114.09650548857422
23.8884518,-90.363556,114.25200770820312
23.71719114,-90.36443,114.08162442857422
23.70545859,-90.35792,114.06337637564454
23.79410489,-90.3633,114.15740139878906
23.80720777,-90.36177,114.16897839988282
23.72143672,-90.3695,114.09093592654297
23.88944597,-90.37553,114.26497239822265
23.71842954,-90.363174,114.08160397847656
23.84433745,-90.35762,114.20195768925781
23.7729988,-90.357895,114.13089369746093
23.75258565,-90.35651,114.10909199765625
23.74221115,-90.35076,114.09297256357422
23.73517274,-90.354324,114.08949708082031
23.80557508,-90.363914,114.16948956974609
23.70895247,-90.363075,114.07202772634766
23.85409389,-90.34734,114.20143733482422
23.74668987,-90.34433,114.09101970398437
23.78683412,-90.32845,114.11528718396485
23.71604918,-90.33616,114.0522079324414
23.79395718,-90.3394,114.1333584251172
23.82532485,-90.330734,114.15605910292969
23.70987769,-90.33714,114.04702063433594
23.87367133,-90.341675,114.21534613468751
23.75971881,-90.35123,114.11094561664062
23.76808232,-90.34972,114.11779850652344
23.73318315,-90.33643,114.06961656064453
23.87676252,-90.34644,114.22320569626953
23.76913077,-90.35713,114.12626272800782
23.75951549,-90.349686,114.10920115894531
23.84394451,-90.35434,114.19828410960938
23.76311334,-90.3431,114.10621484146485
23.79230482,-90.33883,114.13113386052734
23.89992996,-90.347725,114.24765487455079
23.79805656,-90.36034,114.15839286371093
23.79264411,-90.36233,114.15497168568359
23.85964152,-90.36759,114.22723337791015
23.70852851,-90.37108,114.07960700121095
23.77511278,-90.3756,114.15071550216797
23.84010607,-90.375305,114.21541124578125
23.88248715,-90.36396,114.24644741611328
23.82974955,-90.3558,114.18554636396485
23.80597546,-90.35646,114.16243603128906
23.79223526,-90.36266,114.15489852904297
23.79577669,-90.35532,114.1511004815039
23.79426346,-90.34475,114.13901291068359
23.88784415,-90.35442,114.24226767294923
23.86202425,-90.3498,114.21182435986329
23.76487223,-90.35555,114.12042490333985
23.71212568,-90.36833,114.08045758917969
23.83677199,-90.35784,114.19461348169922
23.84579816,-90.36794,114.2137409700586
23.85442031,-90.37811,114.23253310296874
23.74658139,-90.37758,114.12416012535157
23.82733996,-90.37747,114.20481188382813
23.82784728,-90.392494,114.22034148166016
23.72218893,-90.38035,114.10253713556641
23.85475434,-90.392075,114.24682892496094
23.81841432,-90.385414,114.20382844353516
23.79952278,-90.38702,114.18653907638672
23.70794406,-90.39203,114.09997286859375
23.79167756,-90.39884,114.19051941791015
23.87013842,-90.40693,114.27706743611328
23.77441771,-90.40206,114.17647917240234
23.89591596,-90.412636,114.30855176322265
23.85738158,-90.4053,114.26267790568359
23.86473494,-90.41433,114.2790644688086
23.81762737,-90.41955,114.23717540466797
23.75616847,-90.436455,114.19262324294922
23.78049561,-90.44273,114.22322937464844
23.82358438,-90.4409,114.26448708996094
23.87702678,-90.45398,114.3310062721875
23.84532972,-90.44223,114.28755994460937
23.7720326,-90.44742,114.21945081289063
23.75156467,-90.45458,114.20614688435546
23.82672896,-90.468445,114.29517378421875
23.71616904,-90.45839,114.17455832222656
23.77491987,-90.459984,114.2349036956836
23.75012956,-90.463615,114.21374497748047
23.87404538,-90.45318,114.32722378576172
23.83125745,-90.45549,114.28674756230468
23.72419264,-90.45583,114.18002607505859
23.80223066,-90.44314,114.24536878255859
23.8578504,-90.44515,114.30300268271485
23.72195602,-90.44647,114.16842818796874
23.81439773,-90.43511,114.24950972951171
23.85158729,-90.44697,114.29855536861328
23.74178256,-90.45125,114.19303072894532
23.88573179,-90.447296,114.33302793257812
23.81046837,-90.4377,114.24816673425781
23.82639008,-90.4348,114.26118927433593
23.77061825,-90.43639,114.20701198779297
23.85480097,-90.43948,114.29428461257812
23.81973034,-90.44327,114.26299816226563
23.88352679,-90.44715,114.33067797408204
23.79695973,-90.43885,114.23581013283203
23.82144297,-90.43228,114.25372446414062
23.81502925,-90.44015,114.25517664990234
23.81558059,-90.456116,114.27169631265625
23.84286647,-90.45499,114.29785304226563
23.72098403,-90.45124,114.17222456955078
23.82066491,-90.44461,114.26527550570313
23.78367318,-90.45375,114.23742379035156
23.79010289,-90.44892,114.23902409361328
23.7868157,-90.442856,114.22967153496094
23.72214389,-90.45294,114.17508578453125
23.7029307,-90.44476,114.14769388359375
23.72138056,-90.438705,114.16008600433594
23.78709008,-90.431465,114.21855522892578
23.7755173,-90.436745,114.21226198994141
23.72833076,-90.43159,114.15991797923829
23.84473384,-90.417145,114.26187861539063
23.84293471,-90.419586,114.26252089164063
23.88226578,-90.40586,114.2881266808789
23.86965168,-90.3999,114.26955402375
23.86559247,-90.3947,114.26029156667968
23.86038657,-90.397835,114.25822134783203
23.87634737,-90.41061,114.28695375427735
23.80286559,-90.42159,114.22445830240234
23.71564231,-90.426865,114.14250693402343
23.81332877,-90.42247,114.23579886277344
23.86930056,-90.41776,114.28706331634766
23.71899394,-90.41969,114.13868693316407
23.86406874,-90.424484,114.28855299292968
23.7275133,-90.419785,114.14729784589844
23.70518649,-90.42987,114.13505709546875
23.84044038,-90.43211,114.27255402746094
23.82900889,-90.43731,114.26631815513672
23.87562446,-90.423706,114.2993305146875
23.8325507,-90.416374,114.24892490654297
23.75269582,-90.42899,114.18168904509766
23.88427064,-90.43373,114.31800171910156
23.88054937,-90.428406,114.30895513171875
23.88853324,-90.44182,114.33035147730469
23.84770511,-90.44449,114.29219363539062
23.87391909,-90.443436,114.31735475894531
23.74820403,-90.46129,114.20949248214843
23.8170666,-90.45681,114.2738765975586
23.75353941,-90.4607,114.21424039876953
23.76547683,-90.4581,114.22357619523437
23.8654901,-90.46265,114.328136584375
23.84210005,-90.45429,114.29639234736328
23.88524624,-90.45219,114.33743282447266
23.85647367,-90.44295,114.29942105769531
23.7581034,-90.448494,114.20659735751953
23.8764764,-90.45209,114.32856380234375
23.71523896,-90.45598,114.17121735355468
23.7163227,-90.45632,114.1726444163086
23.75463702,-90.44983,114.2044661215625
23.86100853,-90.4576,114.31861198458984
23.88549024,-90.449875,114.33536511792968
23.82912318,-90.44764,114.27676264533203
23.88565023,-90.448975,114.334624839375
23.82005368,-90.45363,114.27368222003906
23.8864445,-90.46751,114.3539509086914
23.7848834,-90.485085,114.2699679336914
23.89444872,-90.50009,114.39454027273437
23.74211773,-90.50639,114.24851116261719
23.74637199,-90.511955,114.25832725123047
23.74893239,-90.52595,114.27487996080077
23.73359582,-90.52085,114.25444695525391
23.80153177,-90.51401,114.31553933835937
23.8085788,-90.49954,114.30812103632812
23.85572646,-90.487274,114.34300062992187
23.76102955,-90.478035,114.23906452314453
23.88222578,-90.471344,114.35356977414062
23.86663397,-90.46289,114.329524595
23.84995521,-90.46299,114.31294501712891
23.89629127,-90.479126,114.3754172465625
23.70524601,-90.48378,114.18902591722656
23.89764091,-90.4794,114.37704154476563
23.74687786,-90.49635,114.24323100941406
23.70833252,-90.486984,114.19531677292969
23.78973783,-90.49594,114.28567899210938
23.83726238,-90.50761,114.34486888634765
23.75901159,-90.50019,114.25920232486328
23.78956198,-90.49432,114.28388571046875
23.7473676,-90.48336,114.23072789052735
23.70025636,-90.47768,114.17793275160156
23.87880569,-90.48385,114.36265426177735
23.77244394,-90.471085,114.24352853472656
23.7293004,-90.458084,114.18738450644531
23.77705524,-90.445915,114.22297046216796
23.70279835,-90.43915,114.14194629921874
23.71607794,-90.425285,114.14136327935547
23.81148327,-90.42672,114.23820293552734
23.74507379,-90.41666,114.16173028414062
23.83104999,-90.416046,114.24709613257812
23.79045553,-90.41794,114.20839376242188
23.71430473,-90.40806,114.1223628965039
23.80587593,-90.40356,114.20943275373047
23.82669208,-90.39144,114.21813342521484
23.81152929,-90.38105,114.19257939986328
23.75100591,-90.38545,114.13645818050782
23.70558217,-90.37244,114.0780186934375
23.78376812,-90.38164,114.16540569324219
23.83188692,-90.389854,114.22174135115235
23.713979,-90.39305,114.10703014746093
23.88342332,-90.38247,114.26589249724609
23.76846664,-90.37071,114.13917892027344
23.76918712,-90.367294,114.13648143152344
23.76665351,-90.357254,114.12390753832031
23.87995696,-90.35547,114.23542571
23.88900439,-90.34376,114.23276201939453
23.87817648,-90.34634,114.2245128447461
23.85771056,-90.33543,114.19313689056641
23.75207171,-90.348305,114.10037645853515
23.84812828,-90.36132,114.20944877560547
23.75833598,-90.372375,114.13071146828125
23.77532716,-90.383064,114.15839143001953
23.72873522,-90.38396,114.11269212917969
23.8055104,-90.38191,114.18742263144532
23.86132806,-90.37196,114.23329156097657
23.8356664,-90.3758,114.21146748642579
23.77569099,-90.365364,114.14105506470703
23.83391431,-90.35979,114.19370129730468
23.82675359,-90.35748,114.18423650015625
23.80813307,-90.34541,114.15354627800781
23.75357347,-90.361145,114.11471848953124
23.70575876,-90.34774,114.05349893333984
23.70762485,-90.353226,114.06085055800781
23.89034504,-90.3625,114.25284809175781
23.87351775,-90.358864,114.23238158056641
23.7474241,-90.34782,114.09524056728516
23.73887799,-90.3523,114.09118054126952
23.76063117,-90.35451,114.11513861628906
23.81445525,-90.36078,114.17523405859376
23.70345432,-90.372375,114.07582980828124
23.87843191,-90.356155,114.23458730550782
23.85492011,-90.35562,114.21054144789062
23.80567282,-90.36161,114.16728323259765
23.87312586,-90.36309,114.23621637513672
23.80970051,-90.37777,114.18746998021484
23.71773425,-90.393105,114.11083880322266
23.81162095,-90.39404,114.20566391874999
23.79612875,-90.403435,114.19956350341798
23.83885705,-90.39712,114.2359746647461
23.76922232,-90.395,114.1642189630664
23.77205985,-90.40594,114.17799704482422
23.88840293,-90.40663,114.29503439972656
23.8838154,-90.40311,114.28692208945313
23.88011388,-90.40043,114.28054265197265
23.78297242,-90.408585,114.19155701472656
23.84990696,-90.427414,114.27732090042969
23.8879328,-90.43658,114.32450964326172
23.89337527,-90.435814,114.3291891738086
23.74853571,-90.4533,114.20183618607422
23.74290987,-90.44677,114.18967958435547
23.79958451,-90.45586,114.25544083324219
23.87391803,-90.46148,114.33539721701172
23.80567048,-90.46667,114.27233765529297
23.85837158,-90.45695,114.31531890666015
23.79489291,-90.449326,114.24421847152344
23.85023737,-90.44296,114.29320001648438
23.75321216,-90.4385,114.1917116106836
23.864843,-90.447624,114.31246720654298
23.85942713,-90.442604,114.3020311949414
23.744973,-90.44819,114.19316178173828
23.87450808,-90.45238,114.32688539933594
23.72358283,-90.4655,114.18908270792969
23.85373208,-90.46775,114.3214826293164
23.87002445,-90.461395,114.33141971367188
23.86576918,-90.45624,114.32200697296875
23.74884484,-90.462746,114.21159050650391
23.7162324,-90.46235,114.17858133798828
23.70582692,-90.46268,114.16850392195312
23.70479886,-90.45934,114.16414181654297
23.8021984,-90.45737,114.25956534335938
23.74004574,-90.460526,114.20057125269531
23.87420708,-90.467125,114.34133201896485
23.73281152,-90.45141,114.18421990623047
23.83417898,-90.43697,114.27115255177735
23.88360215,-90.44261,114.32621384433594
23.89296291,-90.449936,114.34289882308593
23.87178124,-90.45707,114.32885063697266
23.74088415,-90.45862,114.1995023140625
23.80587696,-90.48065,114.28652881546876
23.73691346,-90.477356,114.21426941703125
23.81961308,-90.47196,114.29157505509765
23.74782766,-90.471596,114.21942342416015
23.76602053,-90.45821,114.22423433615234
23.81045967,-90.45325,114.2637067403125
23.72443351,-90.46162,114.18605002611328
23.7708754,-90.457436,114.22831100791015
23.76800427,-90.455666,114.22366985837891
23.81707391,-90.44597,114.26304253792969
23.81447368,-90.446686,114.26115947101562
23.77800027,-90.449875,114.2278751479297
23.87311383,-90.43962,114.31273480167968
23.82857598,-90.43063,114.25920952492187
23.86090772,-90.42119,114.28209607449219
23.81414543,-90.42825,114.24239860382812
23.77624051,-90.42799,114.20423428441407
23.77598788,-90.42213,114.19811465001953
23.74143642,-90.41052,114.1519588809375
23.86668381,-90.416046,114.28272995257812
23.8685647,-90.42247,114.29103479277344
23.72182752,-90.42226,114.14408398972657
23.86626151,-90.413704,114.27996542845703
23.86415385,-90.416916,114.2810697435547
23.82054022,-90.411194,114.23173406765625
23.8492666,-90.41482,114.26408441005859
23.88422415,-90.411354,114.2955782149414
23.79712754,-90.42448,114.22160416353516
23.85538772,-90.42133,114.27672103298828
23.89178694,-90.418144,114.30993116607422
23.77634712,-90.43111,114.20745368738281
23.78937241,-90.42459,114.21396347445312
23.83089197,-90.44097,114.27186334451171
23.79971654,-90.438644,114.23836094917968
23.75211568,-90.43113,114.18324513556641
23.82176058,-90.42075,114.24251405900391
23.85198997,-90.42533,114.27732108572266
23.70114544,-90.433304,114.13444927300782
23.74013805,-90.44337,114.18350505439453
23.89878961,-90.455505,114.35429498109374
23.87182414,-90.45269,114.32451426451172
23.89906087,-90.45932,114.35838093835937
23.82795781,-90.45021,114.27816838128906
23.80121209,-90.466774,114.26798607681641
23.70642113,-90.47249,114.17890953332031
23.76892453,-90.46838,114.23730831906249
23.78286171,-90.45797,114.24083137552734
23.72645067,-90.44375,114.17019914412109
23.77899447,-90.446556,114.2255505613086
23.74509202,-90.440285,114.18537674900391
23.78844894,-90.44427,114.23271621294921
23.81835617,-90.436165,114.25452102595703
23.83333765,-90.43859,114.27192865341797
23.80804502,-90.440796,114.24884091843751
23.70724752,-90.4376,114.1448467021289
23.88349454,-90.44788,114.33137814595703
23.86519541,-90.452065,114.31725992416015
23.82050722,-90.45589,114.27639406082031
23.87076215,-90.455215,114.32597760410157
23.87389741,-90.45755,114.33144745882812
23.74555409,-90.46786,114.21341145083984
23.75325433,-90.46419,114.21744195207032
23.71412273,-90.46578,114.17990489552734
23.8105758,-90.45792,114.26849205976562
23.84325266,-90.452065,114.29531717416016
23.72230727,-90.44928,114.17158705515625
23.79386335,-90.448906,114.24276929482421
23.86299234,-90.45785,114.32083993521485
23.83290092,-90.448746,114.28164664753906
23.81261666,-90.43786,114.25047524154297
23.80567675,-90.45149,114.25716905957032
23.77407873,-90.44736,114.22143590773437
