y_true,pred_lstm,pred_cnn,pred_transformer
23.85072851,28.738228,-90.38981,29.769714
23.74612824,28.736568,-90.37626,29.769716
23.84799693,28.737352,-90.37134,29.769724
23.84404455,28.736181,-90.36766,29.769701
23.89935696,28.73552,-90.3709,29.769705
23.71783781,28.734224,-90.37921,29.769714
23.8100998,28.736525,-90.39341,29.76971
23.83939777,28.736366,-90.39402,29.769691
23.73853133,28.735712,-90.39418,29.769707
23.85557757,28.737028,-90.395485,29.769712
23.80354002,28.735783,-90.38402,29.769697
23.77465987,28.735905,-90.37928,29.769709
23.77254243,28.736631,-90.38268,29.769732
23.77313159,28.737177,-90.388985,29.769703
23.85497695,28.737494,-90.38818,29.76972
23.89214247,28.736338,-90.39081,29.769703
23.83119834,28.734915,-90.39477,29.769716
23.74396521,28.735006,-90.390396,29.769718
23.72424342,28.736757,-90.39842,29.769697
23.71676205,28.738346,-90.41491,29.769714
23.81292394,28.73939,-90.41963,29.769724
23.87760212,28.738241,-90.4037,29.76969
23.7821537,28.736387,-90.39392,29.769714
23.7301411,28.736841,-90.39149,29.769705
23.78895853,28.738049,-90.39494,29.769695
23.85871529,28.737738,-90.384705,29.769703
23.85572717,28.736477,-90.39252,29.769716
23.77931957,28.73565,-90.396576,29.769722
23.79622163,28.736364,-90.39649,29.769693
23.82624548,28.736544,-90.39512,29.769703
23.80244091,28.736181,-90.40295,29.769718
23.74863444,28.73628,-90.39392,29.769697
23.85480322,28.737453,-90.397026,29.769712
23.78750932,28.736464,-90.41076,29.769714
23.76871024,28.736797,-90.41161,29.769701
23.756319,28.737288,-90.397514,29.76971
23.87559462,28.737978,-90.40085,29.769724
23.7596555,28.736382,-90.40448,29.769695
23.84035385,28.737309,-90.40179,29.769709
23.7601929,28.736635,-90.41122,29.76972
23.74950952,28.737448,-90.408424,29.769732
23.78361598,28.73825,-90.411026,29.769693
23.88849139,28.73815,-90.41217,29.769705
23.86570167,28.736206,-90.404305,29.769707
23.75545243,28.735376,-90.41373,29.769703
23.772411,28.736586,-90.40267,29.769705
23.82163463,28.737247,-90.40341,29.76972
23.78549651,28.736937,-90.412285,29.76969
23.8744404,28.73738,-90.42296,29.769716
23.80968573,28.736029,-90.415,29.769724
23.87240933,28.73633,-90.42432,29.769716
23.75111686,28.735348,-90.422874,29.769703
23.8369677,28.736742,-90.42146,29.769728
23.78260052,28.736202,-90.41036,29.769716
23.7211441,28.736958,-90.42282,29.7697
23.7763865,28.738457,-90.42209,29.769707
23.76797842,28.73847,-90.41436,29.76972
23.76433851,28.738682,-90.42035,29.769693
23.82546254,28.73875,-90.40854,29.7697
23.78121362,28.737785,-90.4038,29.7697
23.72245442,28.737928,-90.403984,29.769718
23.74213834,28.739052,-90.40604,29.76972
23.80156377,28.739376,-90.409386,29.769724
23.80337468,28.738356,-90.400345,29.769705
23.70738254,28.737549,-90.38353,29.7697
23.73502952,28.738764,-90.37407,29.769732
23.83142488,28.739216,-90.37674,29.76974
23.77075279,28.737843,-90.381256,29.769701
23.76699308,28.73795,-90.38835,29.769724
23.70936179,28.737942,-90.385025,29.769726
23.77753527,28.73882,-90.37146,29.769712
23.71173831,28.73833,-90.36929,29.769709
23.75651106,28.73915,-90.37309,29.769749
23.72267793,28.738796,-90.37047,29.769735
23.867569,28.73896,-90.356995,29.769709
23.73967371,28.736536,-90.34381,29.76972
23.72524326,28.737156,-90.34166,29.769728
23.86980274,28.737806,-90.340706,29.769716
23.82437641,28.735628,-90.33476,29.769726
23.8902097,28.734978,-90.33162,29.76972
23.82539556,28.733492,-90.339714,29.769697
23.83524906,28.733501,-90.33518,29.769716
23.77227327,28.733488,-90.34169,29.76974
23.84912892,28.734625,-90.34997,29.769705
23.81645827,28.734083,-90.360504,29.769709
23.73178475,28.734179,-90.35124,29.769718
23.73107829,28.735893,-90.358444,29.769735
23.82868554,28.737001,-90.35201,29.769716
23.75442485,28.736156,-90.35419,29.769728
23.8087901,28.736895,-90.35708,29.769732
23.7384877,28.736385,-90.358765,29.769718
23.78386164,28.73707,-90.34569,29.76972
23.87248783,28.736792,-90.33422,29.76972
23.83812783,28.735176,-90.33731,29.769707
23.79746694,28.73467,-90.34034,29.769728
23.79829697,28.735006,-90.33942,29.769701
23.77747026,28.73521,-90.346176,29.769686
23.83044683,28.735579,-90.33912,29.769732
23.73766987,28.734951,-90.33929,29.769728
23.76743246,28.736074,-90.32804,29.769712
23.83593455,28.736454,-90.334435,29.769712
23.84439462,28.7354,-90.32657,29.769726
23.877194,28.734661,-90.325386,29.769745
23.76098873,28.733727,-90.33563,29.769745
23.87054675,28.735083,-90.34088,29.76972
23.86481087,28.734158,-90.3493,29.769707
23.70203803,28.733616,-90.35757,29.769716
23.83452078,28.736084,-90.35618,29.76973
23.85341694,28.73556,-90.35928,29.769686
23.70079123,28.73495,-90.36891,29.769676
23.79876655,28.73723,-90.37617,29.76971
23.89057268,28.737007,-90.375175,29.769684
23.89072347,28.735275,-90.37151,29.769697
23.84809092,28.734304,-90.38262,29.7697
23.8663333,28.734402,-90.39496,29.769697
23.76150978,28.734093,-90.39712,29.769724
23.79221309,28.735823,-90.406364,29.769697
23.89905071,28.736551,-90.41354,29.769724
23.86146053,28.735289,-90.42647,29.76971
23.70891954,28.73512,-90.42889,29.769701
23.71090562,28.737831,-90.442184,29.769714
23.81592541,28.739614,-90.45009,29.769697
23.77466046,28.738956,-90.46028,29.769688
23.74721178,28.7391,-90.444565,29.769709
23.76402363,28.739864,-90.44726,29.769705
23.89179019,28.740025,-90.45583,29.769703
23.76431351,28.737698,-90.44541,29.769674
23.77236685,28.738316,-90.441956,29.769705
23.79026323,28.738512,-90.43138,29.769737
23.73217321,28.738317,-90.42889,29.769674
23.77786674,28.739166,-90.42285,29.76968
23.82931097,28.738966,-90.42473,29.76973
23.75184432,28.7378,-90.41463,29.769701
23.824584,28.738428,-90.40759,29.769703
23.74894687,28.737717,-90.41423,29.769701
23.8573376,28.738503,-90.4224,29.769709
23.88749139,28.737078,-90.41731,29.769716
23.78888394,28.735659,-90.4226,29.769724
23.89270553,28.736427,-90.422226,29.76972
23.83287632,28.73526,-90.43522,29.769676
23.84232759,28.735416,-90.443924,29.769716
23.80226833,28.735308,-90.44031,29.769741
23.74549159,28.735981,-90.43963,29.76968
23.88794519,28.737507,-90.44352,29.769676
23.89396774,28.736094,-90.44524,29.769705
23.86839586,28.735079,-90.44911,29.769691
23.7927022,28.73491,-90.44701,29.769669
23.73424348,28.736267,-90.461044,29.769697
23.71793913,28.738176,-90.47273,29.769714
23.80091031,28.739634,-90.47129,29.769688
23.76104496,28.739103,-90.46394,29.769709
23.87136152,28.739395,-90.448074,29.76972
23.80875568,28.737785,-90.451546,29.769686
23.88414131,28.737612,-90.44105,29.76971
23.84506125,28.736277,-90.432846,29.769712
23.79044348,28.736208,-90.4504,29.769676
23.84861943,28.736988,-90.45123,29.769693
23.89361726,28.736538,-90.44661,29.769695
23.81257633,28.735636,-90.464325,29.76969
23.76281945,28.736319,-90.47073,29.769695
23.77436129,28.73752,-90.465546,29.76968
23.82406978,28.73808,-90.45832,29.76972
23.89435681,28.7376,-90.45335,29.769691
23.79441296,28.736074,-90.44281,29.769707
23.84179125,28.73692,-90.4494,29.769724
23.73583499,28.736614,-90.45686,29.769695
23.82408847,28.738077,-90.44741,29.769695
23.84677752,28.737646,-90.43885,29.769714
23.78466779,28.737158,-90.44883,29.769686
23.82726865,28.737944,-90.461044,29.769695
23.74541137,28.73765,-90.45931,29.769672
23.79188288,28.738932,-90.46265,29.769691
23.86511559,28.739037,-90.470116,29.7697
23.73992917,28.737751,-90.47537,29.769678
23.71781458,28.738937,-90.46129,29.769709
23.83928472,28.740292,-90.46516,29.769701
23.76270591,28.739038,-90.46681,29.76972
23.79762001,28.739515,-90.46316,29.769726
23.87836573,28.739326,-90.46937,29.7697
23.73460357,28.737707,-90.47147,29.769705
23.85460428,28.739077,-90.466934,29.769724
23.80133842,28.738016,-90.47503,29.7697
23.70932273,28.738115,-90.471924,29.769707
23.73589769,28.739862,-90.4813,29.769695
23.79910498,28.740377,-90.47415,29.769686
23.74492103,28.739525,-90.45971,29.769709
23.77108569,28.739927,-90.45785,29.769691
23.83865048,28.73959,-90.441986,29.769695
23.86951084,28.738182,-90.4352,29.769697
23.78815691,28.736683,-90.42749,29.769705
23.801827,28.737154,-90.42734,29.769716
23.81809203,28.737247,-90.44017,29.769716
23.7339568,28.736786,-90.43334,29.769718
23.819495,28.737892,-90.42284,29.769712
23.86182219,28.737188,-90.41273,29.769703
23.87901326,28.736094,-90.41063,29.769722
23.73821792,28.735228,-90.41821,29.7697
23.87131891,28.737148,-90.431335,29.769701
23.87511433,28.736084,-90.435646,29.769728
23.8525789,28.735298,-90.4451,29.769682
23.86382641,28.735104,-90.439964,29.769707
23.78871457,28.73484,-90.445915,29.769724
23.89425351,28.735891,-90.4418,29.769697
23.84356699,28.734863,-90.44164,29.769705
23.75150469,28.7351,-90.44873,29.769712
23.70589031,28.736818,-90.448715,29.769693
23.73509121,28.738718,-90.439095,29.769682
23.84915831,28.73958,-90.435776,29.769714
23.87242662,28.738228,-90.4356,29.769712
23.71749803,28.736889,-90.435425,29.76969
23.8308442,28.738598,-90.43284,29.769691
23.77380194,28.737684,-90.42251,29.769716
23.81753185,28.73809,-90.4239,29.769701
23.86975929,28.737604,-90.416794,29.769693
23.7855897,28.736452,-90.42553,29.769714
23.73748601,28.737024,-90.42443,29.769693
23.72269997,28.738234,-90.4201,29.769684
23.89968837,28.739323,-90.42268,29.769726
23.85346616,28.736937,-90.415886,29.769716
23.71086089,28.736214,-90.42039,29.769674
23.73432286,28.73818,-90.42275,29.76972
23.83700602,28.739017,-90.4141,29.769703
23.78456357,28.737919,-90.42008,29.769697
23.82413036,28.738098,-90.42779,29.76972
23.81300618,28.737432,-90.41958,29.769701
23.73140859,28.737228,-90.42502,29.769688
23.78788327,28.738438,-90.42716,29.769701
23.80603268,28.73818,-90.41568,29.769716
23.78767955,28.737787,-90.42365,29.769705
23.79619192,28.73772,-90.41341,29.76967
23.89787194,28.737635,-90.40938,29.7697
23.89703138,28.735958,-90.42032,29.769722
23.77050519,28.734852,-90.430115,29.769676
23.84589615,28.736315,-90.433365,29.76972
23.74673046,28.736094,-90.44673,29.76972
23.89829077,28.737598,-90.455734,29.769688
23.78275131,28.735931,-90.4542,29.769707
23.81677049,28.736769,-90.445,29.769728
23.77624483,28.73691,-90.449356,29.76972
23.73132198,28.737677,-90.45049,29.769688
23.73079764,28.739012,-90.44783,29.769707
23.88787678,28.739983,-90.45537,29.76972
23.81050862,28.737757,-90.45129,29.76968
23.89431869,28.737505,-90.44051,29.769705
23.78057215,28.735939,-90.43006,29.769693
23.79481775,28.736946,-90.44346,29.769669
23.74365296,28.737219,-90.4408,29.769693
23.72095525,28.738207,-90.43421,29.769714
23.85656801,28.739252,-90.42784,29.769697
23.77919889,28.737545,-90.41651,29.769693
23.85732089,28.737745,-90.41629,29.769709
23.78952978,28.736418,-90.40304,29.769705
23.88496728,28.736755,-90.395905,29.769693
23.8768073,28.73553,-90.40282,29.769735
23.86423723,28.734928,-90.417206,29.769714
23.85864842,28.734745,-90.43274,29.769695
23.83158463,28.734596,-90.43357,29.76969
23.87416572,28.735012,-90.42967,29.769707
23.87029907,28.734774,-90.44744,29.769705
23.74257941,28.73461,-90.448524,29.769676
23.8393775,28.736828,-90.4582,29.76969
23.86688892,28.736597,-90.46193,29.769695
23.84906289,28.735918,-90.45418,29.76969
23.70340792,28.735977,-90.45644,29.7697
23.82350131,28.73867,-90.46671,29.769693
23.75698512,28.738373,-90.48265,29.769686
23.85476149,28.739067,-90.468895,29.769709
23.84810257,28.73798,-90.457954,29.769707
23.72175893,28.737535,-90.467445,29.769701
23.76676557,28.739426,-90.4781,29.769693
23.88011149,28.739788,-90.47435,29.769682
23.7966435,28.738064,-90.476555,29.769701
23.80137238,28.738314,-90.471466,29.769705
23.74077072,28.738478,-90.46881,29.769676
23.73556888,28.739704,-90.479126,29.7697
23.71338894,28.740547,-90.48074,29.769695
23.71595312,28.741434,-90.475945,29.7697
23.7350535,28.74195,-90.47228,29.769726
23.70280279,28.741829,-90.467735,29.769697
23.89890198,28.742075,-90.44801,29.769691
23.78696965,28.738777,-90.42772,29.76971
23.78165189,28.738552,-90.426605,29.769735
23.81732761,28.738443,-90.41944,29.769697
23.87104839,28.73774,-90.429115,29.769667
23.83266599,28.736153,-90.41716,29.769707
23.74278357,28.735884,-90.42074,29.769686
23.8489981,28.737268,-90.42037,29.769682
23.72800056,28.736446,-90.42474,29.769691
23.87129677,28.738058,-90.4335,29.769686
23.84659359,28.736662,-90.44462,29.769703
23.88739058,28.735933,-90.43313,29.769732
23.87502244,28.73485,-90.43602,29.769705
23.7825855,28.734276,-90.42747,29.7697
23.87884399,28.73569,-90.436295,29.76974
23.86196114,28.735046,-90.44168,29.769716
23.78945087,28.735031,-90.45274,29.769686
23.83898208,28.73637,-90.468704,29.769701
23.73330967,28.736313,-90.46566,29.769693
23.80686556,28.738186,-90.47244,29.769691
23.71072421,28.738117,-90.46646,29.769678
23.7821799,28.73974,-90.46824,29.769688
23.82562188,28.739452,-90.456406,29.769686
23.82549723,28.73842,-90.44368,29.7697
23.77407567,28.737709,-90.43387,29.769722
23.7176325,28.738096,-90.42636,29.769691
23.82819609,28.739298,-90.42465,29.769695
23.71694406,28.738056,-90.41497,29.769747
23.74686486,28.739128,-90.40124,29.769707
23.86065624,28.739449,-90.40673,29.769707
23.78733014,28.737461,-90.39928,29.769701
23.89995433,28.737326,-90.38742,29.769714
23.85405104,28.735369,-90.37882,29.769695
23.78103399,28.734983,-90.39417,29.769701
23.72196432,28.735914,-90.39555,29.769695
23.78583338,28.737602,-90.40673,29.769688
23.72732657,28.737473,-90.40118,29.769707
23.83798676,28.738419,-90.3897,29.769705
23.72100473,28.737297,-90.396065,29.769697
23.88866214,28.738441,-90.39771,29.769707
23.77795119,28.73619,-90.38539,29.769722
23.70653199,28.736639,-90.38358,29.769701
23.86572052,28.73826,-90.38221,29.769714
23.77028044,28.736656,-90.387764,29.769707
23.83398936,28.73727,-90.39211,29.769686
23.87266556,28.736713,-90.40044,29.769703
23.7117648,28.735693,-90.4099,29.769693
23.70314462,28.737854,-90.41927,29.76971
23.72831469,28.739468,-90.43534,29.769678
23.74711034,28.739824,-90.41938,29.769722
23.80482428,28.739838,-90.414474,29.769724
23.89219188,28.738808,-90.41006,29.7697
23.8090112,28.736504,-90.40441,29.769732
23.87186049,28.73632,-90.393936,29.769707
23.73992089,28.735203,-90.39207,29.769709
23.87861765,28.736807,-90.40395,29.769737
23.84292143,28.735426,-90.40064,29.769695
23.88997482,28.735191,-90.41363,29.769691
23.87469344,28.734104,-90.40927,29.76969
23.87005192,28.733635,-90.41017,29.769695
23.71462462,28.73338,-90.40742,29.769686
23.83477327,28.735952,-90.40429,29.76968
23.76151342,28.735695,-90.414,29.769718
23.75168101,28.736624,-90.405174,29.769712
23.79063535,28.737497,-90.395966,29.769674
23.87345582,28.737453,-90.39508,29.769724
23.71795706,28.73597,-90.386604,29.76971
23.88483556,28.73781,-90.393005,29.76969
23.8716042,28.736149,-90.39111,29.769724
23.75597307,28.735334,-90.40366,29.769712
23.76787164,28.736761,-90.40935,29.769678
23.71014549,28.737452,-90.40918,29.769705
23.84592373,28.7389,-90.40552,29.769682
23.73435752,28.73761,-90.405205,29.769676
23.75907352,28.73871,-90.41135,29.769674
23.7795929,28.738968,-90.40266,29.76972
23.78131876,28.738869,-90.40986,29.769701
23.86031053,28.738686,-90.41494,29.7697
23.79899775,28.737034,-90.40443,29.769718
23.71112947,28.736988,-90.40745,29.769728
23.82010815,28.738325,-90.39574,29.769701
23.76136188,28.737354,-90.38785,29.769722
23.76797288,28.737799,-90.38646,29.769732
23.74133383,28.738087,-90.39324,29.769678
23.72234498,28.738663,-90.390785,29.769697
23.75123718,28.739412,-90.39722,29.769701
23.87536876,28.739267,-90.38601,29.769659
23.87434903,28.737068,-90.3928,29.769701
23.88901232,28.735422,-90.37633,29.76972
23.70684495,28.73427,-90.37957,29.769688
23.88010203,28.736712,-90.39795,29.769714
23.77230356,28.735195,-90.394806,29.769726
23.82971454,28.736084,-90.40156,29.769716
23.8239646,28.735666,-90.399216,29.769701
23.73433994,28.735477,-90.38744,29.769688
23.73442027,28.737204,-90.39817,29.76972
23.74267702,28.738436,-90.409096,29.769705
23.7537567,28.739096,-90.41509,29.769705
23.77388617,28.739305,-90.4178,29.769724
23.79100228,28.738958,-90.41305,29.769674
23.77182288,28.738287,-90.39655,29.769722
23.8178581,28.738203,-90.39269,29.769737
23.73143148,28.73727,-90.38032,29.769688
23.88646996,28.738216,-90.3883,29.769718
23.86745541,28.735964,-90.378624,29.769718
23.71036478,28.734716,-90.37461,29.769693
23.79231675,28.736546,-90.36644,29.769709
23.8629374,28.736319,-90.35977,29.769705
23.77049144,28.734934,-90.349525,29.76971
23.78468603,28.735815,-90.36019,29.769701
23.89915116,28.736076,-90.35441,29.769712
23.85110173,28.734367,-90.35965,29.769732
23.75539485,28.734089,-90.367905,29.769705
23.81304896,28.735548,-90.373085,29.76973
23.86054114,28.735462,-90.36635,29.769726
23.75605576,28.734707,-90.38175,29.769688
23.71522806,28.735819,-90.37213,29.76972
23.76596582,28.737339,-90.362076,29.769726
23.87651378,28.737602,-90.36554,29.769691
23.79357436,28.735884,-90.36498,29.76969
23.81945245,28.736235,-90.37391,29.769693
23.70826223,28.735937,-90.36652,29.769701
23.74789397,28.737793,-90.37544,29.769697
23.85695285,28.738335,-90.380424,29.769707
23.84226599,28.736734,-90.38,29.76973
23.72217419,28.735882,-90.38048,29.76969
23.86409068,28.737331,-90.37078,29.769724
23.80636571,28.735947,-90.37095,29.76974
23.74998425,28.736074,-90.383286,29.769701
23.73110159,28.73709,-90.38003,29.769697
23.73429017,28.738165,-90.38371,29.76973
23.78359931,28.73884,-90.38418,29.769701
23.87521857,28.738485,-90.385025,29.769697
23.7735544,28.736685,-90.38993,29.76972
23.83021611,28.737156,-90.39572,29.769732
23.728551,28.736311,-90.38883,29.769682
23.71277693,28.737413,-90.38098,29.769695
23.78222785,28.738445,-90.36778,29.76973
23.73289043,28.73804,-90.37804,29.769712
23.73893645,28.738394,-90.36148,29.769709
23.75392735,28.738615,-90.36007,29.769716
23.71230099,28.738367,-90.350395,29.769701
23.86017229,28.738924,-90.33952,29.76971
23.80841165,28.736841,-90.340965,29.76974
23.78142417,28.73633,-90.343506,29.76972
23.766261,28.736502,-90.34878,29.769688
23.70019476,28.736849,-90.354485,29.769735
23.87387136,28.738192,-90.35696,29.769749
23.8523749,28.736053,-90.35512,29.769691
23.84621246,28.734974,-90.35517,29.769714
23.73489048,28.734396,-90.35227,29.769737
23.71043928,28.735989,-90.36639,29.7697
23.71294033,28.737284,-90.35845,29.76971
23.80725361,28.738129,-90.34558,29.769709
23.82722482,28.737217,-90.352165,29.769726
23.89963955,28.736122,-90.34755,29.76972
23.80447275,28.734089,-90.33565,29.7697
23.7664761,28.734482,-90.34129,29.769726
23.83595298,28.735367,-90.35017,29.769716
23.82878836,28.734571,-90.34102,29.769716
23.70458076,28.73424,-90.33475,29.769714
23.72474406,28.736313,-90.34155,29.769686
23.83846983,28.73726,-90.34034,29.769712
23.71647023,28.735851,-90.32789,29.769737
23.86123993,28.73719,-90.32659,29.769703
23.88155923,28.73567,-90.33452,29.769707
23.73999928,28.734156,-90.338844,29.769724
23.80109657,28.735506,-90.329834,29.76972
23.76290968,28.735455,-90.3329,29.76973
23.80418691,28.736061,-90.32913,29.769716
23.82319174,28.73593,-90.33981,29.76971
23.70234537,28.735422,-90.34614,29.769714
23.87907892,28.737041,-90.33751,29.769728
23.77384307,28.735107,-90.33026,29.769712
23.73836715,28.735693,-90.34017,29.769705
23.70642097,28.736588,-90.33088,29.769703
23.89854093,28.737791,-90.32672,29.769701
23.85189208,28.735357,-90.32906,29.7697
23.79119344,28.734571,-90.332886,29.769728
23.87317495,28.735159,-90.342316,29.769728
23.79122629,28.73403,-90.34951,29.769697
23.8375812,28.734581,-90.34311,29.769697
23.89143479,28.734306,-90.35009,29.769732
23.84124895,28.733175,-90.34688,29.769701
23.74802334,28.733511,-90.35846,29.769705
23.88667377,28.735455,-90.37377,29.769701
23.70444235,28.73435,-90.37905,29.769676
23.88409049,28.736872,-90.38791,29.769714
23.89242506,28.73556,-90.39588,29.769714
23.71836179,28.734531,-90.40086,29.769693
23.71119843,28.736965,-90.41627,29.7697
23.86773558,28.73857,-90.41075,29.769686
23.70502293,28.736948,-90.40938,29.769705
23.8609343,28.738737,-90.406586,29.76972
23.77059717,28.737339,-90.40708,29.769674
23.7044142,28.737928,-90.420074,29.769712
23.82855994,28.73928,-90.41103,29.769697
23.75588541,28.737974,-90.402435,29.769665
23.73024832,28.738358,-90.39104,29.769703
23.80932856,28.73926,-90.393745,29.769695
23.70564416,28.738512,-90.40066,29.769674
23.77868276,28.739765,-90.4087,29.769724
23.82343158,28.739185,-90.405014,29.769701
23.84514877,28.737864,-90.39895,29.769709
23.80334861,28.7365,-90.38268,29.769714
23.71234148,28.736416,-90.381,29.769716
23.8526905,28.737955,-90.387856,29.769714
23.77752464,28.73644,-90.38385,29.769691
23.73614909,28.736752,-90.37579,29.769716
23.7529546,28.737902,-90.38584,29.769703
23.83349314,28.738316,-90.39402,29.769676
23.7395565,28.737072,-90.38509,29.769714
23.71762312,28.737955,-90.394165,29.769701
23.82421068,28.73873,-90.38444,29.769701
23.82918005,28.737339,-90.36932,29.769705
23.78900267,28.73646,-90.37335,29.769682
23.80100065,28.736534,-90.37021,29.769733
23.86636404,28.73641,-90.37567,29.769724
23.76771369,28.735136,-90.3762,29.769693
23.8727346,28.73602,-90.372696,29.769714
23.87471391,28.734941,-90.3894,29.769707
23.80240464,28.733997,-90.38029,29.769705
23.70334143,28.734848,-90.38571,29.76971
23.88448052,28.737259,-90.39656,29.769705
23.72798092,28.735727,-90.414154,29.769712
23.80544017,28.737152,-90.40054,29.769701
23.83444708,28.73688,-90.39319,29.7697
23.71901994,28.73618,-90.394394,29.76974
23.85004859,28.737646,-90.384155,29.769693
23.82260967,28.736425,-90.386154,29.769691
23.83458613,28.735933,-90.382385,29.769726
23.73077066,28.735355,-90.371155,29.769691
23.75437152,28.736832,-90.3663,29.769676
23.76051733,28.737488,-90.3757,29.769733
23.73007974,28.737648,-90.36082,29.769688
23.81320211,28.738428,-90.37172,29.769693
23.71532242,28.73723,-90.35681,29.769714
23.7513184,28.738111,-90.337265,29.769712
23.85224549,28.738312,-90.34298,29.769714
23.74741813,28.736614,-90.35123,29.76973
23.7389029,28.737123,-90.33706,29.769741
23.72831247,28.73778,-90.34852,29.76971
23.82341442,28.73817,-90.3365,29.769732
23.79080668,28.736895,-90.33487,29.769754
23.74398829,28.736637,-90.342766,29.769707
23.74077234,28.737167,-90.33468,29.769703
23.8977631,28.737661,-90.33714,29.76974
23.71335441,28.73528,-90.34376,29.769693
23.84873095,28.736814,-90.33728,29.769705
23.8830142,28.735672,-90.34949,29.76973
23.78907377,28.734148,-90.35325,29.76971
23.79632443,28.73473,-90.35302,29.769695
23.87060331,28.734995,-90.349266,29.769726
23.70288949,28.733969,-90.35081,29.769733
23.73795438,28.736301,-90.364685,29.76971
23.84276306,28.73715,-90.35713,29.76971
23.80285218,28.73598,-90.35637,29.769728
23.89344121,28.735977,-90.36083,29.769707
23.74231054,28.734432,-90.366035,29.769707
23.87732874,28.735962,-90.36104,29.76973
23.89997251,28.734852,-90.37152,29.76969
23.70025197,28.733713,-90.38581,29.769695
23.7577058,28.736351,-90.38652,29.769722
23.89624623,28.737148,-90.38568,29.769691
23.87969241,28.735275,-90.38841,29.76968
23.71930907,28.734304,-90.388466,29.769718
23.7514161,28.736423,-90.3807,29.769718
23.82548479,28.737364,-90.39063,29.769684
23.7495619,28.736496,-90.38302,29.7697
23.7783247,28.737238,-90.369514,29.769735
23.75071559,28.737373,-90.36511,29.769703
23.75978695,28.73799,-90.376595,29.769701
23.76822469,28.738052,-90.36102,29.769718
23.80504041,28.738085,-90.36688,29.769693
23.8559487,28.737339,-90.362465,29.769722
23.81010272,28.73593,-90.3539,29.769722
23.74918789,28.735876,-90.36531,29.769688
23.83113501,28.73673,-90.360825,29.769707
23.86645603,28.73587,-90.35957,29.769709
23.82984391,28.734686,-90.35353,29.769703
23.86001857,28.734716,-90.36247,29.769705
23.78984702,28.73425,-90.370575,29.769682
23.88486802,28.735199,-90.37898,29.769716
23.82282271,28.734282,-90.39254,29.769724
23.84225912,28.734705,-90.392044,29.7697
23.72214934,28.734865,-90.40718,29.769693
23.82582917,28.737015,-90.417625,29.769707
23.70578265,28.73661,-90.411804,29.769712
23.73274812,28.738562,-90.41559,29.769722
23.83973515,28.739489,-90.41992,29.769691
23.83517844,28.738207,-90.42518,29.769686
23.79925365,28.737328,-90.41738,29.769697
23.83155245,28.737453,-90.41537,29.76969
23.86391636,28.73705,-90.42395,29.769691
23.86681305,28.736177,-90.43576,29.76969
23.87789849,28.735424,-90.424484,29.769693
23.87802473,28.734938,-90.44246,29.769709
23.81303498,28.734455,-90.44415,29.769695
23.77058976,28.735262,-90.44003,29.769686
23.70005812,28.736685,-90.44828,29.769712
23.88625088,28.738848,-90.45247,29.769718
23.73947482,28.737051,-90.44036,29.769682
23.86658202,28.738596,-90.44891,29.769705
23.75014544,28.737446,-90.45726,29.769735
23.76436394,28.73851,-90.45171,29.769703
23.74128825,28.739017,-90.45383,29.769693
23.85515287,28.739613,-90.439064,29.769705
23.7870881,28.738144,-90.446915,29.769693
23.89237774,28.73811,-90.43452,29.769678
23.8619459,28.736313,-90.418945,29.769688
23.81329414,28.735846,-90.43414,29.769693
23.85662073,28.736301,-90.44726,29.76966
23.86847543,28.735674,-90.44083,29.76969
23.88342119,28.735117,-90.433426,29.769703
23.71599331,28.734747,-90.44849,29.769709
23.86023393,28.73741,-90.460175,29.7697
23.73678186,28.736681,-90.46084,29.76972
23.88322874,28.738413,-90.46778,29.769712
23.73757515,28.737116,-90.47007,29.769724
23.73441992,28.7388,-90.47448,29.769714
23.79877912,28.74005,-90.479996,29.769728
23.87145264,28.739702,-90.48297,29.769676
23.71753716,28.738132,-90.48111,29.769697
23.71197987,28.739697,-90.47087,29.7697
23.85299531,28.740917,-90.468376,29.769653
23.86791868,28.739258,-90.47449,29.769676
23.79138186,28.737734,-90.46867,29.769684
23.82946405,28.737997,-90.4597,29.769663
23.72586074,28.737516,-90.45955,29.769676
23.81930198,28.738914,-90.45456,29.769707
23.70216065,28.738268,-90.458786,29.76969
23.76038086,28.73969,-90.44594,29.76973
23.70428137,28.739695,-90.44038,29.76973
23.7542935,28.740612,-90.42789,29.769712
23.70454399,28.740477,-90.43224,29.769712
23.88813446,28.741121,-90.4187,29.769722
23.87660576,28.73851,-90.424194,29.769722
23.74113731,28.736856,-90.429565,29.769693
23.88342441,28.73799,-90.42525,29.769686
23.87917301,28.736269,-90.42436,29.769676
23.74369451,28.735165,-90.42904,29.769686
23.83456755,28.73675,-90.429985,29.769691
23.73740541,28.736168,-90.427246,29.769663
23.83635667,28.737373,-90.42235,29.769674
23.71273431,28.736448,-90.41387,29.769703
23.87187374,28.737936,-90.40125,29.769707
23.86500225,28.736313,-90.39738,29.769709
23.7343732,28.735403,-90.3983,29.769705
23.78798757,28.737173,-90.413994,29.769732
23.75085129,28.737246,-90.40384,29.769732
23.72465081,28.738039,-90.41312,29.769701
23.70266469,28.738926,-90.40039,29.769714
23.76053301,28.74003,-90.400795,29.769695
23.88773734,28.739735,-90.39864,29.769714
23.87763542,28.737297,-90.40085,29.76966
23.78687666,28.735697,-90.39015,29.769693
23.75770764,28.73624,-90.39563,29.769695
23.76153212,28.736944,-90.38902,29.769688
23.841269,28.737326,-90.383934,29.769691
23.75319586,28.7362,-90.38293,29.769712
23.86518393,28.736864,-90.37479,29.769705
23.77179381,28.735336,-90.3661,29.769724
23.71349805,28.735912,-90.35342,29.769714
23.72434036,28.737518,-90.36596,29.769718
23.85417226,28.738218,-90.355675,29.76972
23.85415599,28.736507,-90.36163,29.76973
23.77943251,28.735216,-90.34409,29.76972
23.89906137,28.735884,-90.34996,29.76969
23.74386054,28.73427,-90.36195,29.769705
23.73925128,28.735758,-90.3658,29.769705
23.80542955,28.73685,-90.35657,29.769674
23.81105802,28.736605,-90.36594,29.769688
23.78386178,28.73632,-90.37718,29.769705
23.81524806,28.736418,-90.36889,29.769678
23.87868224,28.735912,-90.35931,29.76971
23.79302358,28.734549,-90.36108,29.769724
23.89923023,28.735128,-90.35717,29.769705
23.88966245,28.733852,-90.370316,29.769724
23.84114807,28.733122,-90.369934,29.769724
23.84090427,28.733727,-90.387764,29.769705
23.84509098,28.734186,-90.39779,29.769695
23.87228443,28.734571,-90.41568,29.769712
23.86601789,28.734413,-90.425934,29.76969
23.84389008,28.734488,-90.446144,29.769682
23.86318608,28.734743,-90.441444,29.769712
23.7860267,28.734665,-90.43713,29.769697
23.79957007,28.736097,-90.45293,29.769678
23.8789779,28.736677,-90.447525,29.769693
23.71832964,28.73573,-90.43878,29.769684
23.85517468,28.738058,-90.447716,29.769686
23.83429351,28.737219,-90.44394,29.769709
23.72971473,28.73708,-90.45278,29.769697
23.78344587,28.73878,-90.44763,29.769684
23.84564101,28.73907,-90.46162,29.7697
23.84488072,28.737938,-90.45231,29.769716
23.83820339,28.737236,-90.441055,29.76967
23.73118485,28.73706,-90.45009,29.769686
23.85551158,28.738777,-90.452934,29.76972
23.7264132,28.73787,-90.46009,29.769676
23.89618173,28.739548,-90.46756,29.76969
23.73100728,28.73781,-90.48059,29.769724
23.81862427,28.739342,-90.487,29.769691
23.8550685,28.73871,-90.47811,29.769682
23.70147658,28.737608,-90.46699,29.769707
23.84400435,28.739677,-90.4679,29.769722
23.74481644,28.738646,-90.47335,29.769691
23.73615372,28.73959,-90.47761,29.769686
23.7148457,28.740328,-90.469955,29.76972
23.73824155,28.7412,-90.473434,29.769651
23.82198493,28.741234,-90.45854,29.7697
23.89981891,28.7399,-90.45325,29.769705
23.81351766,28.737738,-90.45878,29.769669
23.82094902,28.737743,-90.469444,29.769701
23.77786813,28.737461,-90.46677,29.76971
23.70751137,28.737982,-90.46394,29.769691
23.84635185,28.739594,-90.470146,29.769688
23.71565394,28.738148,-90.454346,29.769703
23.84380389,28.739618,-90.457054,29.769716
23.86687562,28.738428,-90.46292,29.76971
23.7447364,28.73711,-90.46017,29.769703
23.85515299,28.738386,-90.45893,29.769722
23.88241907,28.737356,-90.4639,29.769697
23.81150665,28.736097,-90.46553,29.769716
23.78545854,28.736454,-90.45845,29.769709
23.81029971,28.73721,-90.465904,29.769678
23.86109978,28.737114,-90.45851,29.769714
23.82330601,28.736166,-90.44948,29.769684
23.81284086,28.736242,-90.44637,29.769686
23.78110904,28.736483,-90.44513,29.769697
23.7051689,28.737154,-90.44402,29.769695
23.72941991,28.738861,-90.43734,29.769709
23.80243119,28.73954,-90.42813,29.769693
23.82916885,28.738674,-90.41861,29.769705
23.73585045,28.737597,-90.40437,29.769732
23.8358331,28.73857,-90.4032,29.769707
23.80470986,28.737427,-90.40345,29.769735
23.83404963,28.737087,-90.39086,29.769695
23.80544568,28.736528,-90.4033,29.769703
23.7855802,28.736465,-90.396805,29.769724
23.7628734,28.736834,-90.392654,29.769686
23.73321891,28.737589,-90.40287,29.76969
23.71723456,28.738508,-90.40554,29.769733
23.87129591,28.739275,-90.39743,29.7697
23.80868045,28.737064,-90.38714,29.769686
23.89752707,28.73667,-90.37653,29.769732
23.86877372,28.735018,-90.38603,29.769712
23.72336559,28.734272,-90.38088,29.769716
23.87424142,28.736444,-90.3976,29.769707
23.85523776,28.735128,-90.388535,29.769714
23.89753421,28.734728,-90.40093,29.769712
23.8777318,28.7337,-90.40184,29.769701
23.77146953,28.733389,-90.39779,29.769695
23.82838001,28.735252,-90.41881,29.769693
23.8274651,28.735437,-90.41783,29.769659
23.88825058,28.735752,-90.426796,29.769701
23.73460064,28.73505,-90.435585,29.7697
23.78824389,28.737339,-90.44809,29.769684
23.81623354,28.737955,-90.46103,29.769726
23.70120432,28.737701,-90.46091,29.769714
23.7292497,28.73945,-90.446686,29.769701
23.82946071,28.74022,-90.44231,29.769712
23.79445619,28.738947,-90.434204,29.769709
23.75169881,28.73878,-90.43074,29.769712
23.73786282,28.739483,-90.44019,29.769695
23.85106004,28.740032,-90.431015,29.769703
23.79941692,28.738512,-90.441666,29.769697
23.7576952,28.738178,-90.43368,29.769672
23.76840894,28.738676,-90.42294,29.769716
23.85250779,28.738878,-90.43171,29.769712
23.77492056,28.737352,-90.42531,29.769672
23.77857765,28.73761,-90.412605,29.769716
23.80318417,28.737812,-90.410576,29.769728
23.7120075,28.737497,-90.41305,29.769716
23.84412203,28.738789,-90.41188,29.769724
23.71801419,28.737274,-90.40236,29.769728
23.87726003,28.73843,-90.395966,29.769712
23.80833226,28.736504,-90.39147,29.769712
23.88830871,28.736444,-90.38958,29.769705
23.78048676,28.735214,-90.40263,29.769703
23.89667921,28.736216,-90.41473,29.769672
23.82195964,28.73484,-90.41964,29.769703
23.72468252,28.735199,-90.41844,29.769695
23.81254348,28.737288,-90.43195,29.769672
23.71046636,28.737043,-90.429924,29.76971
23.78801602,28.73865,-90.42912,29.76971
23.83462363,28.738375,-90.42175,29.76971
23.72696091,28.73739,-90.41633,29.769688
23.73284506,28.738668,-90.41408,29.769728
23.85245784,28.739498,-90.41487,29.769718
23.75443795,28.737999,-90.4202,29.769716
23.87084908,28.738663,-90.42913,29.769724
23.82285215,28.736923,-90.41903,29.769697
23.80934637,28.736553,-90.42037,29.769705
23.77899804,28.736444,-90.41066,29.769716
23.89178022,28.73694,-90.40274,29.76969
23.82489237,28.735453,-90.41742,29.769686
23.71563766,28.735401,-90.41084,29.769709
23.78165737,28.737272,-90.40872,29.769695
23.7245622,28.737272,-90.399025,29.769691
23.84692474,28.738249,-90.38673,29.769716
23.74999923,28.736897,-90.38773,29.769735
23.70327076,28.737543,-90.38082,29.769712
23.89886161,28.738766,-90.37615,29.76973
23.79441539,28.736095,-90.36056,29.769703
23.70697873,28.736261,-90.36633,29.769733
23.79097645,28.737885,-90.366554,29.769724
23.75461047,28.737484,-90.36157,29.76968
23.84524219,28.737967,-90.3712,29.769693
23.70152984,28.736689,-90.377594,29.769714
23.72739166,28.738182,-90.369675,29.769693
23.77077157,28.738808,-90.36711,29.7697
23.77934514,28.738468,-90.36844,29.769701
23.79756018,28.738058,-90.37228,29.769707
23.77064456,28.737314,-90.3599,29.769732
23.77973797,28.737335,-90.35578,29.769718
23.79695563,28.737228,-90.359406,29.769743
23.88646845,28.736792,-90.36266,29.769714
23.80537463,28.734856,-90.35388,29.769737
23.78606018,28.735065,-90.35691,29.769722
23.70956904,28.735584,-90.361855,29.769716
23.72994667,28.73726,-90.36192,29.769697
23.85142751,28.738121,-90.3732,29.7697
23.89170726,28.736437,-90.361946,29.769709
23.7767073,28.734726,-90.37036,29.769701
23.8923977,28.735407,-90.36035,29.769693
23.76564232,28.733921,-90.3649,29.769718
23.89042315,28.734995,-90.35739,29.76972
23.82186981,28.733694,-90.36646,29.769705
23.70575222,28.73385,-90.35606,29.769714
23.71563224,28.73617,-90.3552,29.7697
23.8959529,28.737673,-90.36577,29.76973
23.7610488,28.735477,-90.36037,29.769722
23.7027995,28.736475,-90.367905,29.769701
23.71563423,28.738123,-90.367744,29.769695
23.80596707,28.738932,-90.359184,29.769709
23.74570597,28.738018,-90.36365,29.769709
23.8508233,28.738396,-90.36634,29.769718
23.87687499,28.736696,-90.354576,29.769701
23.77252652,28.735136,-90.36031,29.769712
23.83914352,28.735764,-90.35265,29.769716
23.84499325,28.735079,-90.35292,29.769697
23.79467506,28.734505,-90.355034,29.76971
23.75192054,28.735008,-90.3624,29.769705
23.85156585,28.735962,-90.35197,29.769688
23.71016765,28.734991,-90.348274,29.769709
23.71651939,28.73694,-90.357544,29.769707
23.72340863,28.73813,-90.35726,29.769712
23.76360775,28.738794,-90.363594,29.769733
23.75964956,28.738401,-90.34929,29.769693
23.76355476,28.73832,-90.34712,29.76971
23.71947598,28.738174,-90.35607,29.769747
23.78417046,28.738571,-90.337105,29.769716
23.7966675,28.737831,-90.331436,29.769693
23.87641703,28.73717,-90.33832,29.769732
23.88583393,28.735258,-90.33581,29.769714
23.76658646,28.733833,-90.34176,29.769682
23.89230008,28.734922,-90.33664,29.769697
23.79510268,28.733715,-90.3536,29.769714
23.8681057,28.73457,-90.36651,29.76969
23.70127765,28.733925,-90.37417,29.769693
23.71650137,28.736385,-90.37903,29.769733
23.7849383,28.73782,-90.38044,29.769724
23.77910991,28.737583,-90.380974,29.769728
23.79252291,28.73751,-90.37903,29.769749
23.75290901,28.737175,-90.37612,29.769714
23.81506433,28.737509,-90.36154,29.76969
23.84782887,28.736752,-90.358086,29.769741
23.72696393,28.735731,-90.35582,29.769705
23.80934488,28.73728,-90.36608,29.76968
23.74734026,28.736834,-90.377556,29.769674
23.87728622,28.737368,-90.37117,29.76969
23.88170563,28.73544,-90.357895,29.769684
23.84226656,28.73413,-90.36144,29.76969
23.73336662,28.733856,-90.35203,29.769712
23.89040734,28.735676,-90.3632,29.769705
23.84791324,28.734037,-90.35581,29.769709
23.72051696,28.733797,-90.35221,29.769749
23.8161572,28.736107,-90.365974,29.76974
23.82365642,28.735956,-90.38117,29.76972
23.81842401,28.735523,-90.367294,29.76973
23.80703256,28.735594,-90.36933,29.769718
23.71391663,28.73598,-90.38095,29.769709
23.73923828,28.737862,-90.39307,29.76971
23.88646768,28.738598,-90.391106,29.769676
23.85430381,28.736538,-90.39704,29.76968
23.81319744,28.735552,-90.38855,29.769701
23.81698152,28.735617,-90.378815,29.76968
23.7597727,28.735682,-90.38751,29.769684
23.76465407,28.736609,-90.38671,29.769701
23.72593194,28.737143,-90.381325,29.769714
23.88571469,28.738224,-90.379715,29.769714
23.83121521,28.73621,-90.38374,29.769707
23.75376096,28.73572,-90.37143,29.769716
23.84254599,28.73701,-90.38155,29.769716
23.87051262,28.736362,-90.39293,29.769747
23.84018508,28.735455,-90.40391,29.769714
23.75576409,28.735403,-90.409645,29.769684
23.74360236,28.736898,-90.41704,29.769712
23.72141744,28.738163,-90.42341,29.769722
23.7804089,28.739437,-90.433205,29.769669
23.88516044,28.739174,-90.43183,29.769688
23.73989496,28.737097,-90.429474,29.769705
23.79609382,28.738085,-90.41755,29.769695
23.70198972,28.73777,-90.40644,29.769709
23.86877689,28.73921,-90.41203,29.769709
23.82427037,28.737125,-90.398674,29.769697
23.76410314,28.736526,-90.3964,29.769716
23.72559346,28.737188,-90.384285,29.769716
23.82603309,28.738514,-90.3959,29.7697
23.807303,28.737629,-90.406235,29.769691
23.89672382,28.737272,-90.40479,29.769732
23.79386257,28.735535,-90.40594,29.769714
23.73162997,28.736153,-90.40727,29.76968
23.86949088,28.737724,-90.41787,29.769697
23.87891937,28.736279,-90.41855,29.76974
23.72057434,28.735144,-90.411285,29.769703
23.86538468,28.737331,-90.421776,29.769703
23.75226825,28.736235,-90.42319,29.769695
23.80765859,28.737448,-90.43368,29.769705
23.81862303,28.737165,-90.42604,29.769714
23.87900352,28.736725,-90.41462,29.769707
23.73155796,28.73548,-90.40912,29.76968
23.70393911,28.73729,-90.420975,29.769684
23.81935538,28.738813,-90.4112,29.769718
23.82593409,28.737854,-90.40224,29.769724
23.89306504,28.737217,-90.40955,29.769693
23.71998921,28.735544,-90.40571,29.769697
23.78155651,28.7374,-90.403725,29.76969
23.84223098,28.737608,-90.40393,29.769709
23.81120184,28.736704,-90.40112,29.769691
23.89080004,28.736788,-90.41122,29.769726
23.71773224,28.735424,-90.42191,29.769703
23.72923685,28.737303,-90.413734,29.769686
23.82283191,28.738417,-90.40957,29.769732
23.82576938,28.737514,-90.40688,29.769722
23.79311211,28.736883,-90.4005,29.769691
23.84803914,28.737143,-90.402214,29.769705
23.76692166,28.736393,-90.40676,29.769701
23.7547854,28.737288,-90.420006,29.769693
23.73756158,28.737919,-90.41003,29.769707
23.82131511,28.738678,-90.404305,29.769724
23.86088283,28.73777,-90.409256,29.769684
23.70598093,28.736313,-90.40185,29.769684
23.73212485,28.73798,-90.39131,29.769712
23.87053936,28.738697,-90.38458,29.769728
23.70441439,28.736845,-90.38698,29.769697
23.70885478,28.738537,-90.38883,29.769697
23.80301622,28.739645,-90.39648,29.769703
23.77339967,28.738554,-90.396515,29.769714
23.85396791,28.738213,-90.378746,29.769716
23.83046172,28.736767,-90.38164,29.769716
23.73747738,28.736153,-90.37931,29.769697
23.76760908,28.737444,-90.39519,29.769693
23.71735187,28.737568,-90.38736,29.769718
23.71886785,28.738552,-90.38135,29.769724
23.8962994,28.73928,-90.38049,29.76969
23.70778177,28.736685,-90.38541,29.769718
23.73631696,28.738054,-90.37761,29.769712
23.77941264,28.738482,-90.37643,29.769697
23.81830164,28.737818,-90.35996,29.76972
23.89064992,28.736822,-90.356285,29.76973
23.7777476,28.734934,-90.36406,29.769703
23.73702034,28.735428,-90.35594,29.769688
23.79785926,28.736504,-90.34709,29.769714
23.85428762,28.736286,-90.35991,29.769735
23.75190857,28.735012,-90.34919,29.769709
23.73382666,28.736074,-90.353966,29.769691
23.84307297,28.737041,-90.35362,29.76972
23.80413313,28.735712,-90.35139,29.769709
23.83672076,28.73546,-90.33643,29.769722
23.77300503,28.734991,-90.34283,29.769732
23.86276673,28.735802,-90.35691,29.769691
23.78494636,28.73466,-90.35783,29.769716
23.83145514,28.735182,-90.35663,29.769735
23.77657488,28.734734,-90.34455,29.769722
23.81372293,28.735584,-90.35637,29.769722
23.81310686,28.73545,-90.36128,29.769701
23.85955625,28.735277,-90.35671,29.769703
23.71966982,28.734386,-90.35734,29.769716
23.74518176,28.736177,-90.34386,29.76971
23.7585168,28.737204,-90.354805,29.769718
23.80143234,28.737585,-90.3629,29.769712
23.88166343,28.736965,-90.35629,29.769684
23.85980431,28.735147,-90.349144,29.769732
23.86755789,28.73433,-90.350266,29.769735
23.76884698,28.73364,-90.34652,29.769695
23.76689195,28.735025,-90.35499,29.76971
23.83936655,28.73606,-90.364876,29.769733
23.87168965,28.735489,-90.3758,29.769707
23.8917399,28.734447,-90.37352,29.769703
23.77255505,28.733461,-90.364586,29.769695
23.82567158,28.735117,-90.38069,29.769718
23.84030011,28.735302,-90.39637,29.769695
23.88058058,28.735067,-90.38797,29.769688
23.84738939,28.734514,-90.40169,29.76971
23.78503773,28.734764,-90.41699,29.769716
23.85362885,28.735966,-90.42167,29.769707
23.78983939,28.735611,-90.43152,29.769709
23.89814343,28.736387,-90.42743,29.769693
23.77304908,28.735153,-90.42468,29.769705
23.71465976,28.736633,-90.43397,29.769716
23.84205542,28.738726,-90.43916,29.769686
23.75973842,28.73798,-90.45014,29.76968
23.84118073,28.73886,-90.46025,29.769705
23.71517442,28.737928,-90.443245,29.769701
23.8974201,28.7397,-90.45247,29.769682
23.85921025,28.737732,-90.461105,29.769705
23.83764623,28.736956,-90.46424,29.769712
23.82854023,28.736786,-90.46627,29.769716
23.72810339,28.736755,-90.457695,29.769693
23.7289001,28.73864,-90.464096,29.769682
23.71541277,28.739939,-90.47449,29.76971
23.85274892,28.740911,-90.47273,29.769707
23.84274227,28.739124,-90.45885,29.76972
23.87305768,28.738218,-90.45888,29.769674
23.83003195,28.73712,-90.4679,29.769695
23.77912018,28.736996,-90.46555,29.769709
23.88010986,28.737831,-90.47068,29.769701
23.82332707,28.736612,-90.46999,29.769691
23.70940536,28.736816,-90.47748,29.769684
23.8796435,28.738884,-90.47155,29.76969
23.87464851,28.737389,-90.47616,29.7697
23.85155593,28.736408,-90.47204,29.769707
23.88560926,28.736282,-90.47755,29.769693
23.77974962,28.735588,-90.4814,29.769682
23.86885894,28.736967,-90.48685,29.769701
23.88666863,28.736397,-90.48298,29.769676
23.85818845,28.735912,-90.49658,29.769695
23.84625283,28.73616,-90.50808,29.769714
23.77126085,28.73657,-90.520355,29.769693
23.76771029,28.738092,-90.52867,29.769686
23.87968024,28.73908,-90.52378,29.769697
23.73593692,28.7378,-90.51833,29.769705
23.70850815,28.739458,-90.50792,29.769695
23.82809729,28.741213,-90.511566,29.769693
23.76747965,28.740232,-90.515724,29.769682
23.84595627,28.740473,-90.50889,29.769688
23.8994975,28.739208,-90.497986,29.769701
23.74337035,28.737381,-90.48491,29.769701
23.76395764,28.738985,-90.49163,29.769667
23.81927955,28.739624,-90.49306,29.769674
23.83296198,28.738966,-90.49099,29.769716
23.89865579,28.73821,-90.48025,29.769686
23.79914485,28.73662,-90.473885,29.769682
23.74381186,28.737322,-90.47949,29.769701
23.87659374,28.738703,-90.477455,29.769697
23.84200729,28.737328,-90.48378,29.769705
23.82397738,28.736897,-90.4705,29.769697
23.87297152,28.73716,-90.47456,29.769691
23.7152704,28.736555,-90.49024,29.769682
23.7909595,28.738783,-90.48806,29.769693
23.87783074,28.73907,-90.49636,29.769709
23.71656237,28.737663,-90.48986,29.76969
23.81466174,28.73963,-90.5025,29.76969
23.76213644,28.739033,-90.49102,29.769703
23.81320336,28.739494,-90.48322,29.769678
23.71919742,28.738958,-90.47707,29.769678
23.80823977,28.74025,-90.46857,29.769703
23.80237262,28.73973,-90.474495,29.76968
23.71294707,28.739473,-90.479614,29.769669
23.74679587,28.74085,-90.48981,29.76972
23.72684279,28.740969,-90.48153,29.769714
23.7950686,28.74129,-90.47329,29.769705
23.75670274,28.740232,-90.45835,29.769707
23.80364638,28.740175,-90.44844,29.769686
23.81273533,28.73932,-90.44912,29.769737
23.70151748,28.73842,-90.43539,29.769707
23.87395915,28.739826,-90.42931,29.769714
23.72947648,28.737835,-90.44248,29.769714
23.86844194,28.738707,-90.431244,29.769684
23.80875474,28.736885,-90.42237,29.769701
23.74572669,28.736612,-90.41615,29.769714
23.85610672,28.737522,-90.40625,29.769688
23.82909415,28.73627,-90.41179,29.769693
23.83067924,28.735723,-90.4053,29.769716
23.76216172,28.735317,-90.39647,29.769705
23.78054482,28.736238,-90.391464,29.7697
23.80720982,28.736584,-90.38671,29.769726
23.77403056,28.736437,-90.39031,29.769703
23.77274154,28.736904,-90.39432,29.769709
23.86878875,28.737165,-90.38014,29.769712
23.89264404,28.735886,-90.38608,29.769722
23.79618866,28.734661,-90.39858,29.769722
23.87291842,28.735434,-90.39713,29.769703
23.85991533,28.734697,-90.408615,29.769716
23.79756146,28.7343,-90.40938,29.769701
23.83241626,28.735146,-90.399666,29.7697
23.71308198,28.735346,-90.411156,29.769728
23.8285718,28.737532,-90.419426,29.769701
23.74876116,28.736942,-90.41933,29.769686
23.88753079,28.73783,-90.41478,29.76972
23.83354361,28.735994,-90.39996,29.769716
23.82410733,28.735807,-90.39859,29.769691
23.88108149,28.735926,-90.41075,29.76973
23.849396,28.734838,-90.4055,29.769705
23.78371807,28.734694,-90.40587,29.769695
23.85751535,28.73577,-90.40835,29.76971
23.88617623,28.735214,-90.401665,29.769695
23.88871861,28.734545,-90.417076,29.769697
23.74995939,28.734003,-90.42353,29.769667
23.80974385,28.736027,-90.41716,29.769701
23.85895074,28.73657,-90.43443,29.769701
23.89597336,28.735981,-90.43466,29.769676
23.71778557,28.735065,-90.44123,29.769712
23.85425133,28.737564,-90.440346,29.769724
23.79027289,28.737019,-90.4559,29.769693
23.86849194,28.737629,-90.4558,29.769705
23.85020196,28.736807,-90.45476,29.769701
23.79017224,28.736712,-90.46596,29.769701
23.88529606,28.73774,-90.47534,29.769701
23.77348906,28.736837,-90.488815,29.769678
23.77897353,28.738113,-90.49202,29.769682
23.8512968,28.73897,-90.501076,29.7697
23.75290608,28.738216,-90.50157,29.769682
23.85486253,28.73946,-90.49877,29.769701
23.85964073,28.738651,-90.513306,29.769667
23.84475161,28.737837,-90.503265,29.769709
23.77510233,28.737719,-90.51675,29.769722
23.79396666,28.738703,-90.51091,29.76968
23.8109321,28.739128,-90.51303,29.769701
23.72563539,28.739141,-90.52308,29.769714
23.77402219,28.740496,-90.51584,29.769714
23.73267385,28.740574,-90.5108,29.769707
23.75530269,28.741314,-90.50247,29.769672
23.88017512,28.741488,-90.50287,29.769705
23.71126337,28.739376,-90.50079,29.769693
23.81078148,28.74085,-90.495575,29.7697
23.78702747,28.740162,-90.498215,29.76968
23.83381717,28.73998,-90.50247,29.769684
23.89253082,28.738903,-90.494255,29.769707
23.79167762,28.737099,-90.48189,29.7697
23.80107988,28.737705,-90.486664,29.769693
23.723917,28.737856,-90.482216,29.769705
23.88225777,28.739273,-90.476974,29.769701
23.77772986,28.737555,-90.478065,29.76971
23.70842997,28.738195,-90.4704,29.7697
23.80597267,28.740013,-90.48191,29.769705
23.86894304,28.73939,-90.476845,29.769703
23.81818935,28.737898,-90.48363,29.769728
23.81972585,28.737627,-90.47105,29.769695
23.70430261,28.73748,-90.46926,29.769691
23.89411561,28.739334,-90.47056,29.769712
23.78116891,28.7372,-90.46228,29.769688
23.72837287,28.737719,-90.4545,29.769693
23.72805215,28.739082,-90.458595,29.769709
23.83363864,28.739817,-90.45238,29.769676
23.78631206,28.738365,-90.43986,29.769691
23.71071654,28.738205,-90.4224,29.769718
23.71723743,28.73957,-90.42675,29.769705
23.78525896,28.740221,-90.424805,29.769709
23.85912582,28.73931,-90.413826,29.769697
23.72849303,28.737371,-90.39403,29.76972
23.72277335,28.7385,-90.40184,29.769732
23.79437673,28.739191,-90.393684,29.769722
23.80489316,28.73836,-90.39451,29.769709
23.80265808,28.737463,-90.38228,29.769714
23.8006244,28.736904,-90.3724,29.76972
23.8779668,28.736574,-90.37398,29.769718
23.77847971,28.73491,-90.36261,29.769688
23.70671053,28.735643,-90.36731,29.7697
23.70199726,28.737389,-90.37273,29.769728
23.7806596,28.738531,-90.3649,29.769707
23.87870853,28.737963,-90.36842,29.769709
23.84233577,28.735703,-90.35617,29.769705
23.81404985,28.734795,-90.345146,29.76973
23.84036449,28.734728,-90.33997,29.76974
23.73347109,28.734312,-90.34735,29.769707
23.75984231,28.735872,-90.35107,29.769701
23.85816121,28.736506,-90.34925,29.769712
23.70214414,28.735329,-90.35693,29.769726
23.7609294,28.737247,-90.35607,29.76971
23.89025365,28.737612,-90.36285,29.769676
23.82218514,28.735508,-90.36729,29.7697
23.84629382,28.735191,-90.352974,29.769741
23.77913771,28.734808,-90.36604,29.769701
23.72066989,28.73559,-90.36801,29.769712
23.83645812,28.737152,-90.37417,29.769707
23.78485557,28.736067,-90.37155,29.769732
23.72876807,28.736145,-90.35676,29.769733
23.8793134,28.737326,-90.35516,29.769697
23.7503416,28.735508,-90.35284,29.769688
23.7696979,28.736555,-90.36284,29.76974
23.74182313,28.7368,-90.350266,29.769716
23.7783939,28.737558,-90.34996,29.76969
23.82224769,28.737495,-90.36056,29.769701
23.74141918,28.73651,-90.357254,29.76972
23.77179809,28.737146,-90.34544,29.76973
23.7026891,28.737085,-90.34078,29.769709
23.73189502,28.738226,-90.33405,29.769714
23.88138119,28.738546,-90.34422,29.769716
23.82706934,28.735895,-90.32491,29.769712
23.80082669,28.73521,-90.320885,29.76973
23.80296426,28.73534,-90.32892,29.769705
23.82841719,28.735353,-90.341415,29.76972
23.74212035,28.734808,-90.33842,29.769735
23.70680395,28.736055,-90.33841,29.769705
23.78203653,28.737658,-90.34815,29.769726
23.88182352,28.737383,-90.35664,29.769718
23.80213514,28.735353,-90.35487,29.769691
23.87654612,28.735348,-90.34173,29.769724
23.72519849,28.734293,-90.35109,29.769714
23.7546976,28.736208,-90.36415,29.769709
23.82804631,28.736929,-90.36785,29.769726
23.70469242,28.736078,-90.36639,29.769728
23.73005927,28.737646,-90.3638,29.76973
23.72206288,28.738232,-90.36164,29.76969
23.80343309,28.738623,-90.34511,29.769693
23.87630363,28.737623,-90.33924,29.76973
23.7006386,28.735806,-90.34355,29.769705
23.71119055,28.737648,-90.35387,29.769722
23.83275075,28.73856,-90.35786,29.76971
23.77369474,28.736822,-90.345985,29.7697
23.87867571,28.736675,-90.33629,29.769753
23.80757252,28.734797,-90.3317,29.76973
23.71192504,28.73474,-90.32441,29.769691
23.7013839,28.736542,-90.33506,29.76971
23.78782475,28.737854,-90.341034,29.769728
23.77942665,28.737122,-90.32781,29.769728
23.79627155,28.736942,-90.33431,29.769701
23.78592142,28.736418,-90.33627,29.76971
23.82037653,28.736042,-90.32212,29.769733
23.88015257,28.735231,-90.31891,29.769714
23.85120342,28.733633,-90.31159,29.769737
23.80583706,28.733196,-90.31484,29.769716
23.80549679,28.733786,-90.330124,29.769697
23.89657691,28.734085,-90.32917,29.769716
23.88836638,28.73282,-90.33421,29.76971
23.73143848,28.732193,-90.348206,29.769697
23.82726958,28.734417,-90.34102,29.769695
23.7623658,28.734467,-90.35198,29.769705
23.7398847,28.735622,-90.35662,29.769735
23.8884518,28.736895,-90.363556,29.769705
23.71719114,28.735125,-90.36443,29.769707
23.70545859,28.736889,-90.35792,29.769737
23.79410489,28.738453,-90.3633,29.769691
23.80720777,28.737913,-90.36177,29.76971
23.72143672,28.737413,-90.3695,29.769737
23.88944597,28.738493,-90.37553,29.769701
23.71842954,28.736092,-90.363174,29.769707
23.84433745,28.737442,-90.35762,29.769701
23.7729988,28.736223,-90.357895,29.769676
23.75258565,28.736555,-90.35651,29.7697
23.74221115,28.73717,-90.35076,29.769712
23.73517274,28.73787,-90.354324,29.769693
23.80557508,28.738478,-90.363914,29.769707
23.70895247,28.737492,-90.363075,29.769724
23.85409389,28.738337,-90.34734,29.769726
23.74668987,28.736425,-90.34433,29.769714
23.78683412,28.736885,-90.32845,29.769724
23.71604918,28.73672,-90.33616,29.769745
23.79395718,28.737734,-90.3394,29.769709
23.82532485,28.737017,-90.330734,29.769716
23.70987769,28.736141,-90.33714,29.769709
23.87367133,28.737574,-90.341675,29.769682
23.75971881,28.735693,-90.35123,29.769709
23.76808232,28.736227,-90.34972,29.769701
23.73318315,28.736458,-90.33643,29.769693
23.87676252,28.737415,-90.34644,29.769724
23.76913077,28.735546,-90.35713,29.76972
23.75951549,28.735996,-90.349686,29.769705
23.84394451,28.736534,-90.35434,29.769735
23.76311334,28.735271,-90.3431,29.76974
23.79230482,28.735964,-90.33883,29.769726
23.89992996,28.736126,-90.347725,29.769722
23.79805656,28.73439,-90.36034,29.76972
23.79264411,28.734928,-90.36233,29.769714
23.85964152,28.735458,-90.36759,29.769705
23.70852851,28.73463,-90.37108,29.76972
23.77511278,28.73671,-90.3756,29.769707
23.84010607,28.736898,-90.375305,29.76968
23.88248715,28.735746,-90.36396,29.769722
23.82974955,28.734299,-90.3558,29.769722
23.80597546,28.73431,-90.35646,29.769672
23.79223526,28.734701,-90.36266,29.769726
23.79577669,28.73505,-90.35532,29.769722
23.79426346,28.73527,-90.34475,29.7697
23.88784415,28.735632,-90.35442,29.76972
23.86202425,28.734188,-90.3498,29.769726
23.76487223,28.733788,-90.35555,29.769688
23.71212568,28.735256,-90.36833,29.769709
23.83677199,28.737045,-90.35784,29.76973
23.84579816,28.736317,-90.36794,29.769697
23.85442031,28.735687,-90.37811,29.769697
23.74658139,28.73507,-90.37758,29.76972
23.82733996,28.736553,-90.37747,29.76971
23.82784728,28.736223,-90.392494,29.76969
23.72218893,28.735804,-90.38035,29.769732
23.85475434,28.737566,-90.392075,29.769712
23.81841432,28.736322,-90.385414,29.769686
23.79952278,28.736197,-90.38702,29.769714
23.70794406,28.736551,-90.39203,29.769718
23.79167756,28.738419,-90.39884,29.769693
23.87013842,28.73822,-90.40693,29.769701
23.77441771,28.736649,-90.40206,29.769709
23.89591596,28.737364,-90.412636,29.769712
23.85738158,28.73563,-90.4053,29.769697
23.86473494,28.735249,-90.41433,29.769709
23.81762737,28.734932,-90.41955,29.769712
23.75616847,28.735638,-90.436455,29.769684
23.78049561,28.737123,-90.44273,29.769716
23.82358438,28.737709,-90.4409,29.769709
23.87702678,28.737455,-90.45398,29.769697
23.84532972,28.736227,-90.44223,29.769712
23.7720326,28.73614,-90.44742,29.769688
23.75156467,28.737408,-90.45458,29.769701
23.82672896,28.738634,-90.468445,29.769714
23.71616904,28.737995,-90.45839,29.769701
23.77491987,28.739614,-90.459984,29.769701
23.75012956,28.739695,-90.463615,29.769712
23.87404538,28.740042,-90.45318,29.769697
23.83125745,28.738209,-90.45549,29.769705
23.72419264,28.737608,-90.45583,29.769707
23.80223066,28.738964,-90.44314,29.769716
23.8578504,28.738594,-90.44515,29.769686
23.72195602,28.737328,-90.44647,29.769688
23.81439773,28.738823,-90.43511,29.76972
23.85158729,28.738405,-90.44697,29.769697
23.74178256,28.737331,-90.45125,29.769714
23.88573179,28.738419,-90.447296,29.7697
23.81046837,28.736593,-90.4377,29.769697
23.82639008,28.73669,-90.4348,29.769733
23.77061825,28.73657,-90.43639,29.769712
23.85480097,28.73746,-90.43948,29.769691
23.81973034,28.736609,-90.44327,29.76971
23.88352679,28.736591,-90.44715,29.769705
23.79695973,28.735392,-90.43885,29.769714
23.82144297,28.736147,-90.43228,29.76969
23.81502925,28.736435,-90.44015,29.769688
23.81558059,28.73678,-90.456116,29.76971
23.84286647,28.73687,-90.45499,29.769693
23.72098403,28.736444,-90.45124,29.7697
23.82066491,28.738302,-90.44461,29.76969
23.78367318,28.73795,-90.45375,29.76972
23.79010289,28.73822,-90.44892,29.769726
23.7868157,28.738356,-90.442856,29.7697
23.72214389,28.738575,-90.45294,29.7697
23.7029307,28.739683,-90.44476,29.769737
23.72138056,28.740784,-90.438705,29.769691
23.78709008,28.741209,-90.431465,29.769712
23.7755173,28.740402,-90.436745,29.769726
23.72833076,28.739887,-90.43159,29.76969
23.84473384,28.740236,-90.417145,29.769724
23.84293471,28.738441,-90.419586,29.769712
23.88226578,28.73703,-90.40586,29.769695
23.86965168,28.73542,-90.3999,29.769703
23.86559247,28.734535,-90.3947,29.769707
23.86038657,28.73412,-90.397835,29.769705
23.87634737,28.734041,-90.41061,29.769697
23.80286559,28.733717,-90.42159,29.769705
23.71564231,28.734726,-90.426865,29.769732
23.81332877,28.736885,-90.42247,29.76968
23.86930056,28.7367,-90.41776,29.769705
23.71899394,28.735722,-90.41969,29.769728
23.86406874,28.737751,-90.424484,29.769701
23.7275133,28.736599,-90.419785,29.769701
23.70518649,28.738298,-90.42987,29.769718
23.84044038,28.739836,-90.43211,29.769693
23.82900889,28.738445,-90.43731,29.76969
23.87562446,28.737535,-90.423706,29.769722
23.8325507,28.73624,-90.416374,29.769678
23.75269582,28.73623,-90.42899,29.76968
23.88427064,28.737526,-90.43373,29.769701
23.88054937,28.736088,-90.428406,29.769686
23.88853324,28.735329,-90.44182,29.769693
23.84770511,28.734638,-90.44449,29.769712
23.87391909,28.734894,-90.443436,29.769707
23.74820403,28.734753,-90.46129,29.76971
23.8170666,28.736698,-90.45681,29.769724
23.75353941,28.736937,-90.4607,29.76972
23.76547683,28.738178,-90.4581,29.769703
23.8654901,28.738876,-90.46265,29.769709
23.84210005,28.737482,-90.45429,29.769712
23.88524624,28.736952,-90.45219,29.769674
23.85647367,28.735817,-90.44295,29.769686
23.7581034,28.735641,-90.448494,29.769688
23.8764764,28.737225,-90.45209,29.769657
23.71523896,28.736244,-90.45598,29.769667
23.7163227,28.738348,-90.45632,29.76969
23.75463702,28.739794,-90.44983,29.769672
23.86100853,28.740158,-90.4576,29.769684
23.88549024,28.73844,-90.449875,29.769693
23.82912318,28.736908,-90.44764,29.769709
23.88565023,28.736895,-90.448975,29.769724
23.82005368,28.735983,-90.45363,29.76971
23.8864445,28.736643,-90.46751,29.769701
23.7848834,28.736065,-90.485085,29.769714
23.89444872,28.737446,-90.50009,29.769691
23.74211773,28.736496,-90.50639,29.769703
23.74637199,28.738544,-90.511955,29.769667
23.74893239,28.739939,-90.52595,29.769674
23.73359582,28.740627,-90.52085,29.769693
23.80153177,28.741302,-90.51401,29.769669
23.8085788,28.740456,-90.49954,29.769676
23.85572646,28.739695,-90.487274,29.769701
23.76102955,28.738323,-90.478035,29.769686
23.88222578,28.73898,-90.471344,29.769701
23.86663397,28.737309,-90.46289,29.76971
23.84995521,28.736544,-90.46299,29.769684
23.89629127,28.736462,-90.479126,29.769709
23.70524601,28.735495,-90.48378,29.769691
23.89764091,28.738152,-90.4794,29.769669
23.74687786,28.7368,-90.49635,29.769688
23.70833252,28.738352,-90.486984,29.76969
23.78973783,28.74035,-90.49594,29.769712
23.83726238,28.740234,-90.50761,29.769688
23.75901159,28.73915,-90.50019,29.7697
23.78956198,28.739761,-90.49432,29.769712
23.7473676,28.739574,-90.48336,29.769695
23.70025636,28.74019,-90.47768,29.769705
23.87880569,28.741444,-90.48385,29.769693
23.77244394,28.738937,-90.471085,29.769697
23.7293004,28.738989,-90.458084,29.769707
23.77705524,28.739752,-90.445915,29.769684
23.70279835,28.739367,-90.43915,29.769665
23.71607794,28.740341,-90.425285,29.769676
23.81148327,28.740875,-90.42672,29.769697
23.74507379,28.739449,-90.41666,29.76969
23.83104999,28.739681,-90.416046,29.769703
23.79045553,28.738283,-90.41794,29.769707
23.71430473,28.737839,-90.40806,29.769732
23.80587593,28.738827,-90.40356,29.769745
23.82669208,28.73777,-90.39144,29.769712
23.81152929,28.73669,-90.38105,29.769716
23.75100591,28.73633,-90.38545,29.769718
23.70558217,28.737053,-90.37244,29.769714
23.78376812,28.738554,-90.38164,29.769684
23.83188692,28.73819,-90.389854,29.76969
23.713979,28.737001,-90.39305,29.769701
23.88342332,28.738087,-90.38247,29.769691
23.76846664,28.735813,-90.37071,29.76971
23.76918712,28.736235,-90.367294,29.769709
23.76665351,28.736464,-90.357254,29.769714
23.87995696,28.736633,-90.35547,29.769737
23.88900439,28.7347,-90.34376,29.769726
23.87817648,28.733328,-90.34634,29.769697
23.85771056,28.732563,-90.33543,29.769722
23.75207171,28.732668,-90.348305,29.76973
23.84812828,28.734653,-90.36132,29.769697
23.75833598,28.734404,-90.372375,29.769705
23.77532716,28.735826,-90.383064,29.769678
23.72873522,28.736465,-90.38396,29.769724
23.8055104,28.737658,-90.38191,29.769707
23.86132806,28.73709,-90.37196,29.769705
23.8356664,28.735779,-90.3758,29.769716
23.77569099,28.735186,-90.365364,29.769712
23.83391431,28.735813,-90.35979,29.769728
23.82675359,28.735193,-90.35748,29.76972
23.80813307,28.734865,-90.34541,29.769682
23.75357347,28.735182,-90.361145,29.76971
23.70575876,28.736155,-90.34774,29.76972
23.70762485,28.737862,-90.353226,29.76967
23.89034504,28.738995,-90.3625,29.76971
23.87351775,28.736437,-90.358864,29.769712
23.7474241,28.734957,-90.34782,29.769705
23.73887799,28.7363,-90.3523,29.76971
23.76063117,28.737333,-90.35451,29.76972
23.81445525,28.737688,-90.36078,29.769722
23.70345432,28.73699,-90.372375,29.769747
23.87843191,28.738241,-90.356155,29.76972
23.85492011,28.736204,-90.35562,29.769697
23.80567282,28.73527,-90.36161,29.769695
23.87312586,28.735561,-90.36309,29.76972
23.80970051,28.734728,-90.37777,29.769709
23.71773425,28.735256,-90.393105,29.769674
23.81162095,28.737167,-90.39404,29.769678
23.79612875,28.736876,-90.403435,29.769716
23.83885705,28.736837,-90.39712,29.769722
23.76922232,28.736202,-90.395,29.769686
23.77205985,28.73707,-90.40594,29.769718
23.88840293,28.737501,-90.40663,29.769716
23.8838154,28.735733,-90.40311,29.769705
23.88011388,28.7347,-90.40043,29.769726
23.78297242,28.734259,-90.408585,29.769718
23.84990696,28.735744,-90.427414,29.76969
23.8879328,28.735529,-90.43658,29.769705
23.89337527,28.734728,-90.435814,29.769701
23.74853571,28.734272,-90.4533,29.769686
23.74290987,28.736368,-90.44677,29.769672
23.79958451,28.738068,-90.45586,29.769693
23.87391803,28.738214,-90.46148,29.7697
23.80567048,28.737001,-90.46667,29.76968
23.85837158,28.737213,-90.45695,29.76972
23.79489291,28.736416,-90.449326,29.769728
23.85023737,28.73695,-90.44296,29.769697
23.75321216,28.73642,-90.4385,29.769714
23.864843,28.737843,-90.447624,29.76972
23.85942713,28.736813,-90.442604,29.769674
23.744973,28.736322,-90.44819,29.769684
23.87450808,28.738049,-90.45238,29.769688
23.72358283,28.737022,-90.4655,29.769678
23.85373208,28.738804,-90.46775,29.769684
23.87002445,28.737703,-90.461395,29.7697
23.86576918,28.736668,-90.45624,29.769695
23.74884484,28.736155,-90.462746,29.7697
23.7162324,28.737768,-90.46235,29.769691
23.70582692,28.739435,-90.46268,29.769712
23.70479886,28.74075,-90.45934,29.769686
23.8021984,28.74173,-90.45737,29.769693
23.74004574,28.740746,-90.460526,29.769732
23.87420708,28.741064,-90.467125,29.769691
23.73281152,28.738699,-90.45141,29.76968
23.83417898,28.739538,-90.43697,29.769695
23.88360215,28.73853,-90.44261,29.769697
23.89296291,28.736963,-90.449936,29.769669
23.87178124,28.73577,-90.45707,29.769682
23.74088415,28.735346,-90.45862,29.769697
23.80587696,28.737438,-90.48065,29.769707
23.73691346,28.737513,-90.477356,29.76968
23.81961308,28.738745,-90.47196,29.76969
23.74782766,28.738188,-90.471596,29.769716
23.76602053,28.738964,-90.45821,29.769705
23.81045967,28.739304,-90.45325,29.769732
23.72443351,28.73883,-90.46162,29.769703
23.7708754,28.739895,-90.457436,29.769697
23.76800427,28.7398,-90.455666,29.76972
23.81707391,28.739695,-90.44597,29.769707
23.81447368,28.738844,-90.446686,29.769686
23.77800027,28.738235,-90.449875,29.769686
23.87311383,28.73827,-90.43962,29.769691
23.82857598,28.736591,-90.43063,29.769697
23.86090772,28.736216,-90.42119,29.769676
23.81414543,28.73552,-90.42825,29.769705
23.77624051,28.735733,-90.42799,29.76971
23.77598788,28.736475,-90.42213,29.769705
23.74143642,28.737003,-90.41052,29.769712
23.86668381,28.738155,-90.416046,29.769724
23.8685647,28.736773,-90.42247,29.76973
23.72182752,28.73571,-90.42226,29.769724
23.86626151,28.737494,-90.413704,29.769735
23.86415385,28.736244,-90.416916,29.769695
23.82054022,28.735342,-90.411194,29.769712
23.8492666,28.73561,-90.41482,29.769707
23.88422415,28.73527,-90.411354,29.769678
23.79712754,28.73453,-90.42448,29.769669
23.85538772,28.735432,-90.42133,29.769667
23.89178694,28.735102,-90.418144,29.769682
23.77634712,28.734371,-90.43111,29.769684
23.78937241,28.735823,-90.42459,29.769682
23.83089197,28.736755,-90.44097,29.769707
23.79971654,28.736462,-90.438644,29.769728
23.75211568,28.736778,-90.43113,29.769718
23.82176058,28.737883,-90.42075,29.76972
23.85198997,28.737606,-90.42533,29.76973
23.70114544,28.736998,-90.433304,29.769714
23.74013805,28.7393,-90.44337,29.76971
23.89878961,28.740185,-90.455505,29.769701
23.87182414,28.737883,-90.45269,29.769691
23.89906087,28.736849,-90.45932,29.76967
23.82795781,28.73562,-90.45021,29.769691
23.80121209,28.736158,-90.466774,29.769701
23.70642113,28.736847,-90.47249,29.76966
23.76892453,28.738832,-90.46838,29.769684
23.78286171,28.739021,-90.45797,29.769714
23.72645067,28.738914,-90.44375,29.769678
23.77899447,28.73998,-90.446556,29.769709
23.74509202,28.73972,-90.440285,29.769728
23.78844894,28.740156,-90.44427,29.769716
23.81835617,28.73961,-90.436165,29.769707
23.83333765,28.738777,-90.43859,29.769728
23.80804502,28.737928,-90.440796,29.769718
23.70724752,28.737782,-90.4376,29.76968
23.88349454,28.73954,-90.44788,29.769709
23.86519541,28.73761,-90.452065,29.769707
23.82050722,28.736591,-90.45589,29.769651
23.87076215,28.736685,-90.455215,29.769686
23.87389741,28.735895,-90.45755,29.76972
23.74555409,28.735329,-90.46786,29.769691
23.75325433,28.737091,-90.46419,29.769678
23.71412273,28.738184,-90.46578,29.769728
23.8105758,28.739527,-90.45792,29.769718
23.84325266,28.738827,-90.452065,29.769703
23.72230727,28.737837,-90.44928,29.769733
23.79386335,28.739323,-90.448906,29.76972
23.86299234,28.739079,-90.45785,29.769684
23.83290092,28.7375,-90.448746,29.769707
23.81261666,28.737003,-90.43786,29.769709
23.80567675,28.737171,-90.45149,29.769663
23.77407873,28.737204,-90.44736,29.769695
